Course,Professor,PostDate,ReviewContent
人工智能与现代科技,马奥,06-13,"上学期上过,老师人和给分挺不错的,但这学期听说要考试了"
人工智能与现代科技,马奥,06-13,"马奥！！！强推,每次都是提前说需不需要签到,我都没咋了好几节了都没事,事儿也少,期末一个论文就完了❤️"
人工智能与现代科技,马奥,06-13,"第一节课听他说如果点名会提前通知的,极小概率会心血来潮不通知就点名"
人工智能与现代科技,汤自新,06-13,很佛系的一个老师哈哈哈
人工智能与现代科技,杨山田,06-13,"两级分化比较严重,不知道该不该选了"
人工智能与现代科技,杨山田,06-13,事少人好给分高
人工智能与现代科技,陈珍珠,06-13,"人很温和,事少,有一个pre,期末是论文"
人工智能与现代科技,陈珍珠,06-12,"事少,偶尔点名,人好"
人工智能与现代科技,林飞,06-13,我感觉挺好哒
人工智能与现代科技,邓烨,06-19,"很好的老师,一学期就点过一次名"
人工智能与现代科技,邓烨,06-11,"很好,超级好的老师,上过他的人工智能,特别好!课上有讨论的时候还会提前在群里说提醒大家到场"
商务翻译,张玲,05-26,"会抽人回答问题,上次玩了一节课手机,最后还问了我的名字,据说给发也不行"
商务翻译,马春梅,06-15,"平时分基本都是靠自己赚,考勤签到作业、小测什么的,感觉挺好赚的,平时作业也很简单有些几分钟就可以做完,mo的平时分是92,但是期末不知道是不是统一改卷,期末翻译的卷面成绩挺低的,也可能是本mo比较菜吧😅"
商务翻译,马春梅,06-15,"没有作业事很少,上课是坐标签到,教的还可以,但每节课都会点名抽背短语😥"
商务翻译,叶净,06-15,"商务翻译都没有pre,我觉得自己举手回答问题这种我还好点,至少因为社恐这部分的分我给可以直接不要,也没什么事,心理上不用煎熬。叶净老师那种我得时时刻刻听她讲到了哪里,关注她什么时候抽我,一颗心始终悬着我可太难受了"
商务翻译,叶净,06-15,"就是她人很好教的很好啊,对社恐极其友好"
商务翻译,叶净,06-15,上课积极一点回答问题期末分就会巨高！！😳😳我朋友上学期九十多😳😳
商务翻译,杨文璐,06-15,"最低需要回答两次问题,很简单,当时我一次也没回答,平时分八十多。中期有一次小组作业,每个人分工,不要求全员pre中文授课,难度不大"
商务翻译,杨文璐,06-15,"杨老师人挺好的,给分也还行"
商务翻译,黄银冬,06-15,人巨好 可无脑冲
商务翻译,黄银冬,06-15,特别特别好 我大一上选了他 大一下被踢了 结果大一下期末的时候他给同学们准备了明信片 甚至还有些是自己画的😭😭😭
商务翻译,黄银冬,06-15,还行啊 主要是老师特别好 特别温柔的 结课还给大家送小礼物
商务沟通导论,张雪莲,06-07,人特好
商务沟通导论,孙林,06-12,孙林冲冲冲!
商务英语,何莉娟,06-07,分不高 小作业多 不过上课可以划水不会点人回答好喜欢老师！只要喜欢pre 最后94
商务英语,何莉娟,06-07,"几乎周周突击考,题型不说,题量不说,我们是期末写论文,字数不多,平时只有一个小组作业,很简单,没有pre,上课有好几次小测,不定期,建议好好做,请假都会过但是一定要请常做不完。"
商务英语,何莉娟,06-07,"事情有点多,但是据我了解那个板块的事都多"
商务英语,何莉娟,06-07,"她人挺好的,但是我们当时事情特别特别多每周都很多作业,期末考核有可能是小组讨论"
商务英语,车瑜,06-14,"人还不错,口音很正,平时分给的一般,小组讨论有点多哦😂😂😂"
商务英语,车瑜,06-14,"车老师人很好,上过他的英语课🥰"
商务英语,阳丹,06-15,"我上过她的听力,还可以,事蛮少的"
商务英语,彭云雁,06-07,"一点东西都学不到,事情还超级多,分数还给的很低,狠狠避雷这个老师"
商务英语,彭云雁,06-07,事情很多 分倒是不高
社会学思想与方法,蒋和超,06-15,"人超级超级好,非常好,事少,而且期末总评95🤗🤗🤗"
社会学思想与方法,蒋和超,06-15,"是的呢,讲得好人也很温柔,需要回答问题 但特别简单,放心冲！"
市场营销学,吴邦刚,06-07,"前半学期不点名,让同学尽量坐固定的位置,凭印象给考勤分。后半学期按小组签到,好好学了期末能给也会尽量给的"
市场营销学,吴邦刚,06-07,"上课很有趣,性格很好"
数据结构(C语言),龚凯,06-14,"课程难。选择,判断,补充代码填空题,然后就是大题例如给前序中序,写出后序遍历序列或者是哈弗曼编码"
线性代数,高雪梅,06-12,"很严厉,但是很负责任,平时有简单的小测,把她的作业都弄懂都会考的很好的"
线性代数,高雪梅,06-12,"高雪梅老师刀子嘴豆腐心,平时蛮负责任的,就是可能有点唠叨,平时分很高"
线性代数,高雪梅,05-26,"老师上课很严,一般不让玩手机,但是讲得很好👍,必须赞一个"
线性代数,樊胜,05-26,"只上过一节课,但是感觉老师是很有知识的沉淀的,往期同学评价也不错"
2024级(上) 英语听说,黄志华/Cameron ThomasWalton,06-13,"老师人超级无敌好,上课有趣且给分很友好,给分不错 卡梅隆给分随便,聊天混熟"
2024级(上) 英语口语I,Cameron ThomasWalton,06-14,"Cameron大一时候的口语老师,很帅的,圣诞节还会发奥利奥"
2024级(上) 形势与政策I,王思涯/王妍,06-13,人好
2024级(上) 形势与政策I,黄若璇/杨长虹,06-13,挺好的
2024级(上) 形势与政策I,买尔旦·阿木提/钟芸莹,06-15,买尔丹给分高 但需要发言
2024级(上) 统计与数据科学导论,刘斌,06-13,统计类大课不要报
2024级(上) 统计与数据科学导论,李伊,06-13,"平时分一般,一定挑战性"
2024级(上) 统计与数据科学导论,李可,06-13,"讲清楚了,最基本的,我以为你们学了。老师水平高"
2024级(上) 高等代数I(理科),赵建容,06-14,我记得他以前考的是原题
2024级(上) 高等代数I,张炜,06-12,"我上过他的课,他会捞人,知道这一点对你们来说就够了"
2024级(上) 政治经济学,李怡乐,06-14,"人挺好,会捞人,上过她课平时分九十几"
2024级(上) 政治经济学,冯鹏程,05-26,"很负责的老师,善解人意。"
2024级(上) 英语阅读,敖宇,06-12,快去选吧 美式男孩 很chill
2024级(上) 微观经济学(双语),王博,06-10,王博真的又帅人又好事还不多！！！！真的冲他！！！！！！！
2024级(上) 微观经济学(双语),黄栽曦,06-09,"很有趣,专业课很厉害的。前几年国商院的微经都是栽曦老师上"
2024级(上) 微观经济学,李毅,06-18,但讲的很好
2024级(上) 微观经济学,李毅,06-07,他是真的完全不捞
2024级(上) 微观经济学,刘柯含,05-26,"神级老师,认真听感觉学到很多,老师很年轻很美,风趣幽默,实力很强,但可能不怎么教本科。给分上老师不太看平时,但给分正常"
2024级(上) 美学导论,王福鸿,06-15,"老师不来上课,小组展示一学期,三年来上过最水的课没有之一"
2024级(上) 积极心理学,刘亚琨,06-08,"上过他的大心理,挺好的"
2024级(上) 英语听力I,阳丹,06-15,阳丹老师人挺好的
2024级(上) 英语口语I,Pramodh VKumer,06-14,"很好,上课积极分数就高,会抽人回答问题,pre 展示,不会有随机个人演讲的"
2024级(上) 英语口语I,Pramodh VKumer,06-14,"如果上课积极的话分就高,然后每学期一次pre,还有一般课前会有quiz,不过有时候他忘带纸了或者其他情况就不写"
2024级(上) 国际商务学术英语(听力),Cameron ThomasWalton,06-13,"老师人超级无敌好,上课有趣且给分很友好,给分不错 卡梅隆给分随便,聊天混熟"
2024级(上) 形势与政策I,秦怡,06-03,不多 只有一次小组展示 偶尔会提问(一般只找坐最后几排的人回答)结课有小礼物 给分还不知道
2024级(上) 形势与政策I,秦怡,06-03,"职规的秦怡老师平时事情少,从来不点名,给平时分高!"
2024级(上) 形势与政策I,叶容均/李游,06-13,"我去年上的他的课,好像没有点过名,也没有签过到,只是会有课堂小测"
2024级(上) 军事理论,张正军,06-15,"我觉得还可以耶,平时分给的挺高的"
2024级(上) 高等数学I,余喜生,06-07,喜欢余老师讲课 简洁精练 思路很清晰 人很好👍 助教也很负责
2024级(上) 面向对象程序设计(JAVA SE),周峰,06-10,"人很好,就是经常讲话我听不懂,而且很快"
2024级(上) 中国近现代史纲要,袁上,05-25,"袁上老师上课很有趣,期末画的重点很准"
2024级(上) 英语写作,杨佳,06-15,"上过yj老师的英语写作,平时分要靠自己赚,小测得分高、上课主动回答问题,平时分就会好看😋"
2024级(上) 英语写作,杨佳,06-15,嗯......一言难尽 如果你非常想学好英语 且有信心每周小测能考高分 那就可以选
2024级(上) 英语写作,杨佳,06-15,"yj老师事是比较多,但是如果你完成的好并且上课主动回答问题让她记住你了,分也就不会低😬"
2024级(上) 英语写作,杨佳,06-15,没有呀 上过杨老师的综英三 给分很好啊
2024级(上) 军事理论,李游,06-14,他给分一直特别好！！李游特别好人特别好很努力的捞人哈哈哈
2024级(上) 军事理论,李游,06-14,"我去年上的他的课,好像没有点过名,也没有签过到,只是会有课堂小测"
2024级(上) 军事理论,刘坤/王慧,06-15,刘坤老师好的很
2024级(上) 艺术创作与表演,万盛,06-15,"只要不考试就行,编舞无所谓"
2024级(上) 数学分析I,冯保伟,06-13,"上过他的高数2,我觉得讲的很好"
2024级(上) 数学分析I,冯保伟,06-13,如果你平时表现不错的话会捞的
2024级(上) 形势与政策I,刘思涓/黄巍,05-25,"其中两个老师一个老师上两节课,黄巍老师上课挺有意思,对学生也好。但是这个班打分似乎没有其他班高"
2024级(上) 高等代数I(理科),朱胜坤,06-13,偶尔点名
2024级(上) 管理学原理,林燕玲,06-10,挺好的 老师人也好
2024级(上) 大学生心理健康与人生发展,黄巍/刘思涓,06-15,"冲hw就对了,选到就是赚到🥰🥰"
2024级(上) 军事理论,迪丽尼格尔·艾力,06-13,"迪丽老师漂亮人好,开卷考试,反正平时分挺高"
2024级(上) 军事理论,张亚秋,06-15,闭眼张亚秋
2024级(上) 管理学原理,李幸/何杰,06-14,"李老师人很好,也好说话推荐"
2024级(上) 高等数学I,吴静,05-26,"听说话讲的好,给分不清楚"
2024级(上) 高等数学I,吴静,05-25,"老师很温柔,讲课很清晰,而且会发课件到群里"
2024级(上) 高等数学I,李双龙,05-26,"lsl老师是我的神,讲课超细致,超幽默🤗🤗🤗"
2024级(上) 形势与政策I,毛思程/王保,05-26,"两位好老师,毛老师感觉人不错,王保老师作为金融学院的辅导员一直受大家喜爱。给分上这门课分数都不低"
2024级(上) 形势与政策I,董雪/李锦旭,06-13,分挺高的
2024级(上) 大学生心理健康与人生发展,徐彩慧,06-11,"和老师是新老师,上课就是吧啦吧啦一直低着头念,语调很平很催眠,考核方式全课题组统一"
2024级(上) 艺术创作与表演,李龙/李楠,06-11,"李楠他是一个很认真的人,只要你认真对待就行了"
2024级(上) 微观经济学,郑雪梅,07-24,"老师上课讲的比较难懂,要做好课前预习的去听,但是课件做的特别好,可以辅助学习,期末捞人"
2024级(上) 政治经济学,刘子嘉,06-18,"上课讲的还可以,最后会给很高的平时分捞低分同学,然后给考的高的平时分打低,但是因为本mo是被平时分打低的,所以对老师的评价就会差一点"
2024级(上) 宪法学,张欣/赵勇,06-11,"法学院的张欣老师人美心善,但是这门课没上过,有幸上过老师的宪法学"
2024级(上) 社会学思想与方法,刘婵,06-11,"真的超爱,平时分好高"
2024级(上) 社会学思想与方法,刘婵,06-11,社会学强推刘婵老师！！！平时分给了我100
2024级(上) 高等数学I,蒲洋/王锐,07-24,"蒲洋老师讲课真的特别清晰,但点名且比较严;王锐老师讲课没有蒲洋老师那么好,但也不差,不点名,会捞人"
2024级(上) 习近平法治思想,陶维东/刘国/袁明安/赵海程/赵勇/赵宇霞/刘磊/李振贤/陈昊明,06-15,刘磊老师真的!巨好!!
2024级(上) 思想道德与法治,张译匀,06-15,zyy！！！！特别特别好😠
2024级(上) 法理学(含社会主义法治理念),刘磊,06-15,刘磊老师真的!巨好！！老师真的讲的又有意思给分又高！
2024级(上) 法理学(含社会主义法治理念),刘磊,06-15,"跨选强推刘磊老师的法理学！！！事少分高,刚查完给了94。老师从不会点名,留的作业也都是小感想两百字左右,期末写论文(五千字),而且ddl特别晚,登成绩前几天才交,课上也不会提问记分。"
2024级(上) 综合英语III,叶净,06-15,"上过叶,讲得很好,人也很好,分也不错!"
2024级(上) 综合英语III,杨文璐,06-15,"我上她的综英3,老师人挺好的,但是加平时分需要主动举手回答问题,小测有点难要考一节课😂"
2024级(上) 综合英语III,杨文璐,06-15,"我综英3是杨老师的,上课举手回答了几次问题,小测成绩中下,最后平时分90+"
2024级(上) 综合英语III,汪平,06-15,事少分高人也特别好 上课是我喜欢的不讲废话的那种 也会和你开玩笑 有问必答 能指出我的问题 上课不点名 我没选上汪老师的课她还安慰我😭
数学分析II,邓汝良,06-13,"哈哈哈哈人幽默而且会使劲捞你,偶尔上课提问"
数学分析II,邓汝良,06-13,"转,特别好,我上学期就听的他他的数分,听他上课很舒服,老师人也很好"
数学分析II,邓汝良,06-13,drl讲的一般但给分好
数学分析II,崔红卫,06-17,"老师讲的特别详细,会写很多板书,个人很喜欢她的风格,有点像高中的老师,很细心也有点小啰嗦也比较严厉,给分还不错,也会捞人,朋友有被捞上去的🥳🥳"
数学分析II(理科),梁之磊,06-13,"我觉得老师人很好,讲的也不错,但是你上课别讲话嬉笑,不影响课堂秩序就OK"
数学分析II(理科),梁之磊,06-13,"教的还行,给平时分这边我结合了身边几个朋友说説,要挂了期末小于60就给你九十多尽量捞上来,挂不了如期末七十多,就按你期末分给你往上浮动几分当平时分"
数学分析II(理科),梁之磊,06-13,很好的 我觉得他讲课很清楚 给分也很好!
数学分析II(理科),黎伟,05-26,yyds
数学分析II(理科),黎伟,05-25,"讲题特别细节,证明特别到位"
数字经济,王长安,06-11,平时分高
数字经济,王军,06-15,"王军超级好 没考试,王老师上课超有趣的"
思想道德与法治,张译匀,06-15,"zyy大美女大好人,超好"
思想道德与法治,吕君怡,06-13,"美女老师,讲课很有趣,看你听得认真会加分。有一次pre,可能有多次课上学习通互动🧐"
思想道德与法治,黄佐毅,05-26,"偶尔会点名,平时什么都可以和他聊,性格很好,而且还会分享一些有用的知识"
微观经济学,黄大康,06-03,"温和有耐心,讲课我觉得挺清楚的,不清楚去问他他也很耐心地给你再讲一遍,之前期中听说帮我们捞了十多分,平时分90+"
微观经济学,黄大康,06-03,"超级无敌巨好,考虑学生优先。,作业时间也给的长"
微观经济学,黄大康,06-03,"人很好,给分超高,但是讲课有点快"
微观经济学,黄大康,06-03,"黄老师出的卷子很简单的,而且他还会对分数进行调整你可以和他说讲的快了,他会把速度降下来,真的很好的一个老师"
微观经济学,王湛,06-17,"超级推荐！！老师真的特别好,很幽默,笔记没有很多,但完全能听懂"
微观经济学,王雨祥,05-25,"无脑选,讲课和教学态度特别好"
微观经济学,袁正,06-14,不捞人 平时分不高 不怎么推荐
微观经济学,刘恒,06-14,"非常好的一个老师！🧑‍🏫上课模式偏高中,会手把手树立思路写笔记,严谨风趣幽默！我们专业评价都蛮不错。期末平时分挺高而且给分稳定"
微观经济学(英),董大鑫/刘忠,05-27,"完美的老师完美的老师完美的老师！如果世界上都是这样的老师那简直太幸福了。讲得好,人超级无敌幽默,打分很公平客观而且普遍很高,只要学了就是90+。虽然要小测,但是题目都是有范围的。豆豆鞋老师我将永远追随你。"
西方音乐史,李星霓,06-14,"老师很好后面几乎都不签到不管了,偶尔回答问题都是按座位点,非常完美的一节大水课"
线性代数,张昕,06-11,"讲的不错,给分可以"
线性代数,韩本三,06-12,"hbs教的简直顶呱呱,稳稳的幸福,老师人也超级好"
线性代数,韩本三,05-26,"都说韩老师讲得很好(可能我菜吧,也听不太懂呢)但我觉得是温柔刀哈😂,"
线性代数,杨文昇,06-03,"yws不点名,平时作业也要求期末考试前完成,人还是很温柔很幽默的,但是讲课很快"
线性代数,杨文昇,06-03,"杨文昇老师人很温柔讲得蛮全面的,但是节奏很快,很看个人学习能力"
线性代数,张炜,06-12,"他讲课逻辑很清晰,比较爱写板书,手稿超级详细,"
2024级(上) 综合英语III,马春梅,06-15,"我是马老师班的,这学期上的综合英语3。她就第一次课抽了问,而且还是自己主动回答,后面没抽过问了。平时课堂上的作业提交即可,她都会给满分。反正我是真的喜欢马老师😤有一次课堂作业我没交(在玩手机),我课后找她,她直接又发了一个作业,我什么都不用做,提交就可以了,来把我没交的分直接那次补上😙😙"
2024级(上) 综合英语III,马春梅,06-15,综英三别选
2024级(上) 综合英语III,刘霞,06-15,"人超级好,事少给分多,快冲"
2024级(上) 综合英语III,刘径华,06-15,她给分很公平公正的 想要高分需要自己努力哦 但人很负责 教的很好 很温柔
2024级(上) 综合英语III,刘径华,05-26,"老师很负责,关注我们的考试"
2024级(上) 综合英语III,黄银冬,05-25,值得推荐
2024级(上) 综合英语III,黄银冬,05-25,"老师点名不多,而且评分会微微捞人,还会给大家分享自己摄影的明信片"
2024级(上) 综合英语III,黄家辉,06-15,"老师特别好！平时分高。小测考课本上做过的题,还有她发那些短语"
2024级(上) 综合英语III,黄家辉,06-15,上过她的综英 人挺好的 给分也不错
2024级(上) 综合英语III,黄家辉,06-15,"黄jh老师挺好的,作业不算多吧,预复习背单词什么的可能比较费时间"
2024级(上) 综合英语III,胡莎,06-15,"胡莎老师人好 事情少 给分高。胡莎老师的课上一阵就适应了😤而且她还是主要用中文上课 不要给自己太大心理压力 老师很好的,你去两三次课她就能准确记住你名字并且称呼你了,期末给分也很好 真的是伟大 无需多言"
2024级(上) 综合英语III,胡莎,06-15,胡莎老师人很好的！！！(本人还不舍得她去教阅读 想继续选她的课来着)讲的很好 人也很温柔 有小测 有作业 但是做不做都无所谓
2024级(上) 综合英语III,胡莎,06-15,"人好,给分好,就是小测有点多"
2024级(上) 综合英语III,苟钰唯,05-25,"苟老师超级温柔,给分也很好。虽然每次上课都会抽人回答问题但是真的不用太担心回答得不好什么的,因为就算回答得不太好她也会一直给你鼓励,情绪价值拉满😘😘"
2024级(上) 综合英语I,刘径华,06-15,"她上课感觉很多时候都是在分享国外的经历还有国外的风俗习惯,我感觉学不到太多东西"
2024级(上) 综合英语I,刘径华,06-15,"事情很多挂倒不会,就是平时有很多小测,查考勤也比较严,"
2024级(上) 中国传统文化概论,潘斌/李楠,06-15,挺好的 老师人非常好🌹
2024级(上) 综合英语III,荣雯轩,06-15,"这学期的综3选的她的课,会学到很多东西,而且组织有关四级的小组作业,大家一起找资料,帮助备考四级,感觉挺好的"
2024级(上) 政治经济学,王雪琴,06-15,"她不画重点,得靠自己背啦"
2024级(上) 政治经济学,王雪琴,06-15,"我记得她讲挺好的,特别爱拖堂,但是期末会海底捞人,所以很good"
2024级(上) 政治经济学,王雪琴,05-26,耐心解答
2024级(上) 英语文学与当代世界,江龙,05-26,"老师讲课很好,英语2/3,中文1/3"
2024级(上) 英语国家与文化互鉴,龙彧,06-12,"较少点名和回答,一次pre和一次书评,期末闭卷有准备就很高分没准备很低分"
2024级(上) 艺术导论,张怡然,06-11,给分高 老师很好 但是很社恐的不太建议 因为会单独表演小节目的
2024级(上) 艺术创作与表演,李龙,06-12,"我们这学期就上的这个,就是编现代舞三分钟,三次汇报和一次期末汇报。第一次一分钟,第二次两分钟,第三次三分钟,最后期末再跳一遍。对于不太会跳舞的人就是很麻烦。李龙老师挺好的,人帅假好请"
2024级(上) 形势与政策I,刘坤/王慧,05-26,老师格局大
2024级(上) 西方音乐史,李星霓,06-15,考试一般考选择
2024级(上) 西方音乐史,李星霓,06-15,李星霓老师挺好的😋😋
2024级(上) 微观经济学,刘炎周,06-15,特别好 爱他
2024级(上) 思想道德与法治,周明星,06-15,"老实人挺好的,平时分你多和他交流一下会高点"
2024级(上) 思想道德与法治,胡军方,05-26,PPT为主
2024级(上) 计算机与大数据基础,陈斌,06-10,"陈斌你真的是世界上最好的老师,他期末很能捞,感觉我上学期的大计基卷面分给我捞了快一倍"
2024级(上) 计算机与大数据基础,陈斌,06-10,"他真的很好 给分也很好,我大一的时候上的他的大计基真的超级好"
2024级(上) 计算机与大数据基础,林绚/周峰,06-08,"经常签到,但平时分不算低"
2024级(上) 高等数学I,王开弘,05-26,老师讲题很细致
2024级(上) 高等数学I,王开弘,05-26,"老师人好,认真就给分,平时期末五五开"
2024级(上) 高等数学I,李凤英,06-15,人很好很负责 讲课有点口音
2024级(上) 高等数学I,李凤英,06-15,很负责任!超级好！！！真的！！！很好很好
2024级(上) 高等数学I,李凤英,05-28,"给分很OK,平时分甚至会打满"
刑法总论,陈昊明,07-24,"老师上课讲的很好,幽默风趣,不点名。分数构成是三次作业各占10%,期末考占70%,但给分很严,且没有点名之类的平时分 对于平时听的很认真的同学不算很友好。是本mo分最低的一科😭"
形势与政策II,崔雅岚,06-13,选崔雅岚 但是事情很多 另一个老师不知道怎么样😅
形势与政策II,孟伟伟,06-13,mww老师喜欢让人回答问题加分
形势与政策II,王慧,06-11,"王慧只是教的不好,人蛮好的"
形势与政策II,李楠,06-11,"李楠他是一个很认真的人,只要你认真对待就行了"
形势与政策II,舒坦,07-18,他是我们党支部负责人 感觉不犯事他还挺和蔼 要是破坏了什么规矩很严厉
形势与政策II,饶玉申,06-12,上过这个老师的形策 人特别好
形势与政策II,刘坤,06-15,刘坤老师真的巨好😙😙😙很有趣😙😙还想上他的课😚😚😚
形势与政策II,刘坤,05-26,"老师的水平很高。很渊博,全球视野野观,将实事与课程结合。给学生很多受益的地方。"
形势与政策II,王保,06-12,真的超有耐心超级温柔特别有人格魅力对学生都一视同仁
形势与政策II,骆岭,06-13,"驼铃老师挺好的,也不点名也不强制要求回答问题"
形势与政策II,刘亚琨,06-08,好!给分高(我90+) 教的也好人也有趣
形势与政策II,易家维,06-14,"挺好的,不怎么提问 印象中老师人很好🐿"
形势与政策II,高鹭,06-14,"事不多,老师人挺好的,给分也高"
形势与政策II,高鹭,06-13,"上过她的形策,老师人挺好的"
形势与政策II,李艳,06-10,"形策随便选老师啦,一学期就上四节,每节课一篇小论文,期末也没考试"
形势与政策II,黄若璇,06-14,好老师🐥 温温柔柔也没有硬性签到
形势与政策II,黄若璇,06-12,hrx挺好的
形势与政策II,徐天然,06-10,特别温柔的老师
形势与政策II,缪晨熙,06-12,"人好,给分好"
形势与政策II,朱韵伊,06-13,特别好
形势与政策II,朱韵伊,06-13,这学期上的zyy的 zyy挺漂亮的 上课会抽人回答问题
形势与政策II,杨凌峰,06-13,人很好啊 上课啥都不用做。mo这学期一共就去过一次 也不点到。我作业交错了他tmd就让我加他qq重新发给他就好了
形势与政策II,卢舟一星,06-14,卢周一星老师人也很好
形势与政策II,卢舟一星,06-14,我只上过她的形策 感觉老师很好 但大职规不清楚🤗
形势与政策II,杨宇哲,06-12,"不错的,就是作业最好不要全篇ai,他看得出来"
形势与政策II,刘余,06-15,"事少,给分高,幽默"
形势与政策II,刘余,05-26,帅气的刘老师!🌹🌹
形势与政策II,李思雨,06-13,人挺好的
形势与政策II,黄巍,06-15,hw人很好
形势与政策II,高文伟,06-12,现在正在上老师的课 感觉老师人真的蛮好的嘞 也比较温柔
形势与政策II,高文伟,06-12,"上了他的军理感觉很有原则(不去要去请假),但是比较温柔,"
形势与政策II,高文伟,06-12,"我们学院的导员,人超级超级好,有什么事和他沟通就好"
学术英语,杨军华,06-11,"杨老师对个人素质要求挺高,你要做好上课随时被抽回答问题的准备,平时作业是写作还有阅读理解,定期考听力,2次quiz,但是她讲得很好,期末考试是写作加句子排序"
学术英语,张玮,06-08,"zw真的很轻松,无脑冲,无小组作业无小测,只有期中期末两篇paper。难抢,已经爆满了。"
艺术创作与表演,李龙,06-12,"刚开始的一两节课对社恐人士是有点不太友好哈哈哈哈哈哈,老师会随机抽问一些问题然后让自我介绍的,不过后面的课就纯跳舞了,不用社交了。"
艺术创作与表演,万盛,06-15,"开始几节课是鉴赏和教一些基础的编舞,后面组队自己编舞每节课跳一遍老师提意见,考核是论文➕跳舞"
艺术创作与表演,万盛,06-15,屁事儿巨巨巨多...
英语国家与文化互鉴,赵娟,06-03,"赵娟人挺好的,平时很轻松但是她考试会更难"
英语国家与文化互鉴,赵娟,06-03,"赵娟给分一般80出头,一个pre,期中期末考"
英语国家与文化互鉴,龙彧,06-12,"较少点名和回答,一次pre和一次书评,期末闭卷有准备就很高分没准备很低分"
英语国家与文化互鉴,龙彧,06-12,"不怎么样,考试难给分低"
英语口语,Pramodh VKumer,06-14,"如果上课积极的话分就高,然后每学期一次pre,还有一般课前会有quiz,不过有时候他忘带纸了或者其他情况就不写"
英语口语,Cameron ThomasWalton,06-14,"给分挺低的,事确实还可以,看你了"
英语文学与当代世界,江龙,05-26,"老师上课以英语为2/3,中文1/3。上课特别有趣,老师人很好!"
英语阅读,黄家辉,06-15,"我记得以前就是分小组阅读一本英语原著,然后做PPT展示😂这课挺麻烦的,还要看慕课啥的,期末一般考书上的原题,就是不知道现在怎么样"
英语阅读,黄家辉,06-15,"真的很温柔,英文授课,本momo上完之后口语进步了好多😋"
英语综合技能与应用II,Pramodh VKumer,06-14,还行
政治经济学,王雪琴,06-15,给分超级好 超级喜欢这个老师 超级超级好
政治经济学,王雪琴,05-26,"老师讲课,娓娓道来。接受度很好,线下答疑时间很多。老师上课对于纪律要求不严苛。"
政治经济学,王卫卿,05-25,"王老师讲课非常有趣,枯燥的知识也能进行非常生动的讲解。在课间还会给我们放音乐放松什么的😴😴平时作业量也不大。期末的平时分给得很高,只要完成每次作业不缺勤那拿到的平时分就还蛮高的。"
中国传统文化概论,崔雪茹,06-11,崔老师会捞的 你只要课都去然后论文好好写 她平时分给很高的
中国传统文化概论,夏微,06-15,"给分蛮高的,划重点那些也很给力"
中国传统文化概论,夏微,06-15,"分不错,事多,每节课抽点名回答问题,有pre,论文"
中国近现代史纲要,郭文,06-13,"会划重点,押题比较准"
中国近现代史纲要,黄世坤,06-15,"真的很高了😭,老师上课也很负责认真,他会点人回答"
中国近现代史纲要,黄世坤,06-15,"黄老师就是喜欢往后走罢了,讲的很卖力是真的"
中国近现代史纲要,袁上/邓育苗,06-03,挺好的吧 平时分90➕
中国艺术史,廖奇琦,06-10,"廖老师人很好的,教的也很好,也不会故意卡分"
中国哲学史,崔雪茹,06-11,"语速贼快,而且不完全按书讲,勾书的时候找半天找不到她说的那句话在哪儿"
综合英语II,刘径华,06-15,还行 就是有一次大的小组展示 然后课堂小组活动 平时分的很细
综合英语II,刘径华,05-26,"老师很负责,英语考试都会提前给我们预热。会有阶段性小测,课堂气氛好🫶"
财经英语时文阅读,程莉娜,05-25 11:38,老师人超好，温柔漂亮课讲的也挺好，不过小组作业有点难度，我们当时是销售商品然后用英文介绍。
财经英语时文阅读,杨佳,05-25 11:38,事情比较多，不过如果认真完成而且做得不错的话平时分还挺好的
财经英语时文阅读,杨佳,05-25 11:38,yj老师事是比较多，但是如果你完成的并且上课主动回答问题让她记住你了，分也分就不会低
程序设计及应用 (Python),陈斌,05-25 11:36,平时分高，同学评价好
程序设计及应用 (JAVA),韩延明,05-25 11:36,不容易挂，考的不难的老师人也很好
财经英语时文阅读,李朝容,05-25 11:37,李老师温柔的大美女，选她选她，事少分高
财经英语时文阅读,李朝容,05-25 11:37,平时分：五次回答问题➕两次测试➕小组展示😤需要主动回答问题
财经英语时文阅读,汪平,05-25 11:37,想学东西就选汪平老师！！教的真的很好，英语水平肉眼可见提升
财经英语时文阅读,汪平,05-25 11:37,汪老师人真的好好呀，她打分特别高
财经英语时文阅读,敖玉兰,05-25 11:37,超级好，平时会有一次演讲然后会有小测试，期末是考试
财经英语时文阅读,敖玉兰,05-25 11:37,敖老师！！！可以是温和耐心的妈妈，也可以是幽默风趣的朋友！！！上课特别特别认真，如果想好好学习，想学到东西就一定要选她！！！分数的活，我算是挺认真的两个学期的平时分都超过95。不过选了她就不要抱怨她布置作业、小测和pre略，老师是真的为学生好！
财经英语时文阅读,敖玉兰,05-25 11:37,敖玉兰，她真的巨温柔巨好，只要你认真学多回答问题她就会给你平时分接近打满。虽然上她的课会有一点点累，但是学到的东西完全值得，会带着你做六级题练口语练雅思写作，真的人特别好，谁不选她我会哭死
财经英语时文阅读,敖玉兰,05-25 11:37,敖玉兰老师人特别好，不仅上课认真负责，课后有问题问她她也特别热心回答，特别好的一个老师，给分也很高会捞
财经英语时文阅读,敖玉兰,05-25 11:37,上过敖老师的英语精读，只要按时交作业上课的给分就很高，老师人也比较温柔有趣
程序设计及应用 (Python),郭黎明,05-25 11:35,老师很负责耐心 讲的也很细 平时分高
程序设计及应用 (Python),郭黎明,05-25 11:35,老师年龄比较大了，但是人还不错，顺便借楼出书
程序设计及应用 (Python),郭黎明,05-25 11:35,我之前不到要捞的程度，平时也蛮认真的，他平时分给的就真的不高
财经英语时文阅读,胡莎,05-25 11:37,小测考单独考词汇的都是选择，但是后面有几个短语的汉译英
财经英语时文阅读,胡莎,05-25 11:37,momo是上的胡莎老师的英语精读，她讲的干货挺多的，认真学习会有收获
财经英语时文阅读,胡莎,05-25 11:37,胡莎老师很公正 属于很认真对学生的那种 真的在大学里挺少见的
财经英语时文阅读,胡莎,05-25 11:37,上过她的英语精读，老师人很好的，而且事情作业也也很少
财经英语时文阅读,胡莎,05-25 11:37,英语阅读两个学期都选胡莎，两个学期都上9⃣️
财经英语时文阅读,胡莎,05-25 11:37,老师人特别好，讲课也很好，会记得每一个学生
财经英语时文阅读,荣零轩,05-25 11:37,课上讲，有时候会抽一些人上去给她看，最好课后按时做作业发友
程序设计与科学计算,戴明伟,05-25 11:31,人不错，课不行（程序设计）
大学生心理健康与人生发展,孔丽娟,05-25 11:30,还行吧，就是事儿挺多的，个人感觉
大学生心理健康与人生发展,孔丽娟,05-25 11:30,她居然也能上心理课...
大学生心理健康与人生发展,黄巍,05-25 11:30,大心理都是开卷考啊 平时事情也不多 很有意思
大学生心理健康与人生发展,黄巍,05-25 11:30,hw！！！！超级无敌搞笑！！人很好
程序设计及应用 (Python),陈蓓,05-25 11:33,她很好的 平时分挺高人有耐心上课也讲的很仔细
程序设计及应用 (Python),陈蓓,05-25 11:33,就是上课用机房的电脑考试，可以偷偷用手机搜，因为电脑挡着的，老师应该看不到
程序设计及应用 (Python) (英),马丹,05-25 11:32,md捞人有一两次点名但上课讲的可能没什么经验
程序设计及应用 (Python),陈德伟,05-25 11:32,你平时作业好好做，他期末基本上都考原题的
程序设计及应用 (Python),陈德伟,05-25 11:32,有人说很好，有人说很玄😒
程序设计与python应用,马丹,05-25 11:32,我听不懂 靠自学
程序设计与python应用,马丹,05-25 11:32,马丹讲的细，ppt也很全
程序设计及应用 (Python),李瑾坤,05-25 11:35,老师上课会下来指导纠错，很有耐心，迟到上课摸鱼也不会生气，比较温和
程序设计及应用 (Python),叶淋宁,05-25 11:34,老师不点名 没有期中考试完成平时作业即可
程序设计与python应用,彭博,05-25 11:31,很OK 推荐
大学生心理健康与人生发展,李文,05-25 11:26,事是真的多，平时作业啥的都不讲清楚，上课也很尬
大学生职业生涯规划与创业基础,买尔旦·阿木提,05-25 11:15,老师很有趣，给分和表现很挂钩，需要发言什么的
大学生职业生涯规划与创业基础,王芳,05-25 11:17,王芳事有点多，给分还可以
大学生心理健康与人生发展,刘亚琨,05-25 11:28,有意思，但活动多，社恐不建议😂
大学生心理健康与人生发展,刘亚琨,05-25 11:28,很有意思的老师 但是每节课会花式点名 有可能
大学生职业生涯规划与创业基础,骆岭/李昕怡,05-25 11:16,挺好的
大学生心理健康与人生发展,苟洪英,05-25 11:28,老师上课会强调不许玩手机，给分还行。
大学生心理健康与人生发展,郑敏思,05-25 11:27,郑老师人很好，会有一两次小作业，都是课上完成，最后给分很高
程序设计及应用 (Python),张英,05-25 11:35,特别好 讲的好 给分也好
程序设计及应用 (Python),张英,05-25 11:35,讲的很好，考前一周会通知你下周要考勤❤️❤️❤️
程序设计及应用 (Python),张英,05-25 11:35,讲的很好😤老师很责任，就是稍微作业有点多🌹
程序设计及应用 (Python),张英,05-25 11:35,讲的特别好 很细节🌞
大学生职业生涯规划与创业基础,杨凌峰,05-25 11:15,老师不是很严 完成正常教学作业就行
大学生职业生涯规划与创业基础,杨凌峰,05-25 11:15,反正他大职规不严
大学生职业生涯规划与创业基础,徐淼,05-25 11:15,狠狠壁垒大职规徐淼，事多 分超低
大学生职业生涯规划与创业基础,秦怡,05-25 11:14,不多 只有一次小组展示 偶尔会提问(一般只找坐最后几排的人回答) 结课有小礼物 给分还不知道
大学生职业生涯规划与创业基础,秦怡,05-25 11:14,职规的秦怡老师平时事情少，从来不点名，给平时分高！
高等代数II,杜彬彬,05-25 11:07,老师人特别好，讲课特别清晰，基本上跟着上课考试就没什么问题，平时答疑啥的都很认真，期末捞人更是不用说，平时分不用愁，选上dbb你就乐吧
高等代数II (理科),赵建容,05-25 11:07,zsk挺好的 就是讲话语速稍微有点快
大学生职业生涯规划与创业基础,任平,05-25 11:14,任平老师人非常好，不点名，但不能迟到
大学生职业生涯规划与创业基础,李思雨,05-25 11:13,一般是自己举手回答 实在没人才会抽 抽人概率不是很高 给分的话只要你好好完成任务不会很差
大学生职业生涯规划与创业基础,李思雨,05-25 11:13,人很好嘟 美女老师 就是上课活动有点多
大学生职业生涯规划与创业基础,刘余,05-25 11:12,刘老师特别帅！🥰上课花样多，很开心，氛围好，会考虑学生的情绪。实用性的技能也很多的。
大学生职业生涯规划与创业基础,王慧/刘坤,05-25 11:14,刘坤老师事少分还高🥰
大学生职业生涯规划与创业基础,陈毅/张琪,05-25 11:15,我是她这学期课代表，反正人很好也没那么多事
大学生职业生涯规划与创业基础,罗谟诺/周瑞,05-25 11:14,有趣，但点名比较频繁感觉每节课都点，可能有两次pre
多元微积分,张文燕,05-25 11:12,老师讲得挺细，考试炒鸡捞人，好，冲就完了
沟通与写作,张钧涵,05-25 11:01,老师人很好，只是课程本身事情比较多，但不用考试
高等数学II,余喜生,05-25 11:04,平时接近满分
高等数学II,余喜生,05-25 11:04,老师人很好，很负责
高等数学II,王磊,05-25 11:06,王老师讲课思路清晰，方法总结很到位，看着面相好像很严肃，但实际很和蔼可亲🥰比较推荐
高等数学II,王磊,05-25 11:06,王老师讲课思路特别清晰，板书也很明了，对做数学笔记非常有帮助。在每上完一章节之后会给大家进行章节总结。总之是一个很负责讲得也特别好的老师🤗🤗推荐推荐🌹🌹
高等数学II,李楠,05-25 11:04,会尽量捞到及格
高等数学II,李楠,05-25 11:04,李老师，讲的挺好的，会讲习题，上课还会分享日常，就是平时分要求上黑板写三次才能拿满，一次不去就只有60（课堂表现部分哈），会给很多机会，题也不难的
高等数学II,王开弘,05-25 11:02,会捞人的！王老师人超好😭
高等数学II,王开弘,05-25 11:02,老师很好
高等数学II,王开弘,05-25 11:02,老师很好转：老师很好
高等数学II,李凤英,05-25 11:02,英子姐很可爱人很好！上课很负责滴！人好分高海底捞
高等数学II,李凤英,05-25 11:02,上过lfy其他课，人巨好!!!讲课也很好!!!
高等数学II,李凤英,05-25 11:02,给分很OK，平时分甚至会会打满
高等数学II,林一丁,05-25 11:03,老师人很好，还会给我们讲保研之类的消息，平时分不会低于期末分，无脑冲！
高等数学II,林一丁,05-25 11:03,真的特别好，平易近人是最大特点，特别喜欢回答问题，尤其是会主动让同学们问问题，从不厌烦，而且根本就不挂人
高等数学II,张清邦,05-25 11:05,会捞，而且期末考的相对好的话，平时成绩会给你拉满
高等数学II,刘彩平,05-25 11:06,老师讲的很详细 也有ppt很温柔给分也还好🌹
高级英语,刘军,05-25 11:02,事多给分贼低，全年级最高分91
高级英语,刘军,05-25 11:02,他不抽或者说很少，这才是最恐怖的，因为他要你主动上去发言_不然给你70来平时分，当然，发言了的可能也不高，不发更低
宏观经济学,李雪莲,05-25 10:56,我觉得她上课上的很好哇 条理特别清晰
宏观经济学,戴薇,05-25 10:57,戴薇老师的风格就是：很认真，包括讲解答疑都很全面细致，认真听作业认真做这门课很简单，平时分构成就是平时作业➕期中考试 她平时作业发在学习通上（作业不难，但我个人觉得她批的有些严了）不知道最后给分怎么样，但是整体来说这个老师很温柔，讲解也很到位。
宏观经济学,戴薇,05-25 10:57,戴薇真的好人，讲的好又很细心很温柔，每节课还会发自己整理的笔记和ppt
宏观经济学,杨慧玲,05-25 10:56,我觉得这个老师还好，认真做作业，中期考试好好准备，平时分挺高的
宏观经济学,郭军杰,05-25 10:57,好，真好，推荐，平时分给很高，而且课堂也很融洽，没作业，就是一学期三次考试，考试是在课上进行的，而且这学期时间不够，有一次就当成作业做了，无论你考得好考得差的话，只要你上课签名到了，期末的平时分老师都会捞的，给的高。上课。会给你讲重难点，我这次考试的一道计算题，他就特别着重的讲了，当时他在班上讲完了，后面还专门图片发到了群里，然后就复习了他讲的那三张图片，那道题期末就考到了，很不错的年轻老师
宏观经济学,郭军杰,05-25 10:57,我目前感觉很不错啊，讲得很细，也挺幽默的
国学导论,崔雪茹,05-25 10:59,挺好的，会有课堂考勤，期中论文，但是老师人很好，很热心的一个老师，有问必答
宏观经济学,邹红,05-25 10:58,邹老师是教授，会带着讲一下中级的东西
宏观经济学,邹红,05-25 10:58,老师讲课内容很丰富，资历很深，对学生很有耐心
宏观经济学,王子奇,05-25 10:57,我是她这学期课代表，反正人很好也没那么多事
宏观经济学,张晓舸,05-25 10:58,考选择 判断 填空 大题，考多少就在期末成绩占比多少
宏观经济学,张晓舸,05-25 10:58,平时分按四五次作业外加一次学习通开卷期中考试，一次小组作业 拿分全凭本事 但是作业找不到答案 AI也不是很靠谱...
国际商务谈判,郭静思,05-25 10:59,不点名无课后作业，上课氛围特别好，老师特别温柔英式口音巨巨巨标准，会有两到三次谈判模拟但是基本都是打打草稿说两句就好了，不会有太大要求，最重要的是期末无考试！！！只用交一份谈判方案就好（要求啥的全都很详细的给出来，可以用ai梳理思路，了解谈判流程就能写）
沟通与写作,张馨月,05-25 11:01,老师人蛮好的，课不难 就是写论文
会计学,杨奕楠,05-25 10:50,我上的会计学 老师人美心善
会计学,杨奕楠,05-25 10:50,杨奕楠讲得很好
会计学,杨奕楠,05-25 10:50,上过杨的，老师讲得很细致，有时候会给放一些当下金融方面的热点视频，体感还不错
会计学,杨奕楠,05-25 10:50,他会捞人！她超好！！我上学期平时分98.5🦉🦉
会计学,李朝霞,05-25 10:52,本人觉得讲的不是很能理解 有点难受且有期中考还挺难😩
会计学,曹昱,05-25 10:51,分高事少，讲课很好
会计学,曹昱,05-25 10:51,貌似没有点名，她人很好
会计学,华晨,05-25 10:50,高的挺高，低的也挺低
会计学,华晨,05-25 10:50,华晨长得帅，但讲的中规中矩，给分还可以可以
会计学,邓博夫,05-25 10:52,很好的老师 没有期中考 不点名 要求低 讲得好
宏观经济学 (双语),姚星/王博,05-25 10:54,身边朋友都说王博教得好且给分很高，人也很好
宏观经济学 (英),栾梦娜,05-25 10:54,不点名
宏观经济学,杨海涛,05-25 10:55,杨老师很好的，他平时分还好啊，没回答问题的话期末还有个写小论文加分的机会，觉得自己平时分够了也可以不写
宏观经济学,杨海涛,05-25 10:55,上课很开心，考试就哭了。如果你自学能力很强可以选，上课听他讲故事也开心，考试也考的好
宏观经济学,杨海涛,05-25 10:55,他就是上课讲故事，和考试不怎么挂钩，所以你做不来题，考试很痛苦
宏观经济学,黄俊兵/栾炳江,05-25 10:56,栾老师讲课速度略快，需要专心听才跟得上，课下解答问题特别认真，老师人也很好；黄老师讲课通俗易懂，下课也很负责。两位老师给分高，两次点名
宏观经济学,杨海洋,05-25 10:56,个人觉得还不错，我那个时候没有期中，也几乎没有作业，还46开。老师人挺好，上课是全板书，不会点名。
宏观经济学,杨海洋,05-25 10:56,强推！真的很不错！！
宏观经济学,杨海洋,05-25 10:56,杨海洋老师会做pre 自己平时6期末4（和其他所有老师应该都不一样）所以一般不会挂 但平时分给的不高 冲高分的别选 捞个及格的
基础英语II,李琳,05-25 10:47,挺好的
计算机与大数据基础,周亚晶,05-25 10:47,她这学期教概念论，讲课特别无聊，我根本听不懂，但不知道给分怎么样
军事理论,迪丽尼格尔·艾力,05-25 10:46,人很好
会计学原理,曹昱,05-25 10:48,曹老师很棒！给分特别好！上她的课你真的能掌握一些会计的知识！
会计学原理,冯建,05-25 10:49,给分一般
会计学原理,曾昌礼,05-25 10:49,非常好！给分高基本不点名
会计学原理,李海燕,05-25 10:50,其实我觉得她也没那么不好，我个人是可以接受的，就是有时候上课点人回答问题让我心惊胆颤
会计学,李海燕,05-25 10:50,我记得她会按照名单抽人回答问题，大概每节课两三个这样子
会计学,李海燕,05-25 10:50,讲的可以吧，给分也还行，很负责的
会计学,李海燕,05-25 10:50,的确很认真负责，但我们当时大多数人都觉得她讲的不太好😂😂😂平时分也普遍比较低
会计学,金雅玲,05-25 10:50,金老师是新老师，人很好
会计学,金雅玲,05-25 10:50,金老师平时分很高......讲课没那么好......但是很细
会计学,金雅玲,05-25 10:50,超级好的 平时分100/99
会计学原理,黄健,05-25 10:48,如果是那个黄老师的话，平时分拉满，回答问题特别耐心，开头还会和**呼：xx同学，讲课特别幽默，我个人很喜欢他！🥰🥰
会计学原理,黄健,05-25 10:48,xx同学晚上好～这样
概率论与数理统计A,王宁,05-25 11:13,王宁老师人很好，讲课也比较清晰，捞捞
概率论与数理统计A,王宁,05-25 11:13,补充，考试很简单
概率论与数理统计A,李红,05-25 11:13,李红老师人很好很温柔，捞捞，讲课也能听懂
概率论与数理统计A,李红,05-25 11:14,会计的概率论都挺好过的，老师们都很好
概率论与数理统计A,张建,05-25 11:14,张建老师讲课讲得很好，人也很好，捞捞，推荐
税法,王文,05-25 10:59,王文老师人很好，每节课都点名，但其实回答问题就可以补上，期末论文
管理学,王海杰,05-25 10:49,捞，人很好，上课会互动，回答问题有加分
管理学,付海亮,05-25 10:48,讲课有点东西，但给分一般
管理学,王丽,05-25 10:49,王丽老师人很好，给分也很好，超级推荐
金融学,应展宇,05-25 11:10,yzy我的神
金融学,应展宇,05-25 11:11,别选，会变得不幸
金融学,顾弦,05-25 11:10,顾弦老师人超好，捞捞，讲课也很有意思
金融学,杨柳,05-25 11:10,杨柳老师很不错，捞捞
金融学,杨柳,05-25 11:10,yl老师人很好，内容很充实，平时分给的很高
金融学,吴卫星,05-25 11:11,卫星老师yyds，讲得好给分也好
金融学,吴卫星,05-25 11:11,他甚至会提前和你商量怎么给分，平时分和期末考怎么样的比例对我们最好
投资学,张雪莹,05-25 10:47,张雪莹老师人很好，很温柔，会捞人
投资学,张桥云,05-25 10:47,张桥云老师人很好，给分也很好
投资学,初众,05-25 10:47,初老师人很好，讲课很有水平
微观经济学,杨瑞龙,05-25 11:04,杨瑞龙老师人很好，讲课也很好，捞
微观经济学,徐晓横,05-25 11:05,徐晓横老师人很好，给分也很好
微观经济学,郑岩,05-25 11:05,郑岩老师yyds
微观经济学,孙咏,05-25 11:05,孙咏老师人很好，给分也很好
微观经济学,范志勇,05-25 11:06,范老师很萌，课讲得很好，就是有点难
