id,teacher_name,combined_evaluation,data_sources,evaluation_count
1,APOSTOLAKIS Christos,,,0
2,APOSTOLAKIS Christos/TESSIERHe？loi？se Anne Marle,,,0
3,Andriani Luca,,,0
4,Arron Phillips,,,0
5,Arron Phillips/SORIN EUGEN PIPERCA,,,0
6,Bharat Suresh Patil,,,0
7,CHUNG CONSTANT WANG TAMARA MANSHUK,,,0
8,Cai Yuanfeng,,,0
9,Cameron ThomasWalton,,,0
10,Cameron ThomasWalton/DUBOIS DOMINIQUE,,,0
11,DU Wenwei,,,0
12,DUBOIS DOMINIQUE,,,0
13,DUBOIS DOMINIQUE/Cameron ThomasWalton,,,0
14,FILIERI Raffaele,,,0
15,FOROUGH POURHOSSEIN,,,0
16,Greenstein Brian,,,0
17,Jean Jason Allan,,,0
18,Joaquin Estrader,,,0
19,Kim Gunchang,,,0
20,Kramer Peter,,,0
21,LEE HANOL,,,0
22,LEE Ji-Yong,,,0
23,Lee Anthony Ruiz,,,0
24,Lee Myung Soo,,,0
25,Luque Anibal Andres,,,0
26,MCMartin Andrew Stephen,,,0
27,Martin Woodford,,,0
28,Odile E.M. JANNE,,,0
29,Panagiota Makrychoriti,,,0
30,Potier Andre Timothy,,,0
31,Pramodh VKumer,,,0
32,SORIN EUGEN PIPERCA,,,0
33,Shah Syed Ismat Shah,,,0
34,Sharkey Sean Robert,,,0
35,Stocker John,,,0
36,WANG XUEWU,,,0
37,丁丹,,,0
38,丁可星,,,0
39,丁如曦,,,0
40,丁少群,给分正常，八九十的样子，事不多，记不太清了，好像是论文和开卷考试 | 给分正常，八九十的样子，事不多，记不太清了，好像是论文和开卷考试,"data-2, data-3",2
41,丁川,快跑 没见过概率论有小组作业的，事太多了 要是分再低的话那那真是受不了一点儿。只能说太负责。 | 快跑 没见过概率论有小组作业的，事太多了 要是分再低的话那那真是受不了一点儿。只能说太负责。 | 四次考试  期末是不是论文待定  平时有作业  不准玩手机,"data-2, data-3",2
42,丁玉莲,,,0
43,丁飒飒,,,0
44,丁飒飒/钟冲,,,0
45,万晓莉,万晓利超级好,data-1,1
46,万盛,,,0
47,严予若,,,0
48,严文龙,,,0
49,严霞,,,0
50,严霞/缪晨熙,,,0
51,买尔旦·阿木提,,,0
52,买尔旦·阿木提/郭开强,,,0
53,买尔旦·阿木提/钟芸莹,,,0
54,于博,听了一下，老师讲课挺清晰的 | 听了一下，老师讲课挺清晰的 | 有论文，组队写，上课讲得有点快，建议提前预习,"data-2, data-3",2
55,于小杏,,,0
56,亢晶浩,,,0
57,付一书,,,0
58,付嵘,,,0
59,付敏,付敏老师风趣幽默！人超不错的！ | 付敏老师人超好 | 逻辑学闭卷 不太难 但是上课要听 momo听的复习的比较认真也挺感兴趣 90分期末  但是追求更高的分就很难了 不是水课 内容也蛮多 | 我觉得还好 因为我之前高中zz学过 没基础的话学的时候可能觉得有点抽象 但我室友她们就是没基础期末也速成了 而且分不错Ŀ | 基本每节课都会教课堂作业，但是看你学号尾号单数还是双数来交，看运气,data-1,1
60,付晓蓉,,,0
61,代婧,,,0
62,代婧/任荪倩,,,0
63,代宏霞,代老师讲的很好！我考试很一般，作业都按时完成了，平时分90多，期末感觉很正常的给分，及格边上的狠狠捞了一波。对了，她上课不抽人回答问题。 | 代老师讲的很好！我考试很一般，作业都按时完成了，平时分90多，期末感觉很正常的给分，及格边上的狠狠捞了一波。对了，她上课不抽人回答问题。,"data-2, data-1",2
64,仲海霞,,,0
65,任勤/高明,,,0
66,任君秋拾,,,0
67,任平,任平老师人非常好，不点名，但不能迟到 | 任平老师人非常好，不点名，但不能迟到 | 给分很好，人很好，超级潮流 | 快跑，她一老提问,"data-2, data-3",2
68,任杨玲,,,0
69,任申浩,,,0
70,任申浩/王佳欣,,,0
71,任申浩/王蓉,,,0
72,任虹,人巨好 | 人巨好,"data-2, data-3",2
73,任虹/宋晋,,,0
74,任虹/宋晋/王诗逸,人巨好,data-1,1
75,任课老师,课程评价,data-2,1
76,任鹊羽,没上过，但是听朋友反馈老师人挺好 | 没上过，但是听朋友反馈老师人挺好,"data-2, data-3",2
77,任鹊羽/吴园园,上过rqy的人力资源管理（英），每次都点名 | 上过rqy的人力资源管理（英），每次都点名,"data-2, data-3",2
78,伊婷,,,0
79,伍晶,,,0
80,伍泽莲,,,0
81,伍钰,,,0
82,伍骏骞/洪俊侨,,,0
83,何丹,,,0
84,何为,,,0
85,何亮,,,0
86,何奕,严 而且我不喜欢老师上课方式 | 严 而且我不喜欢老师上课方式 | 国贸实务千万别选何奕，千万千万,"data-2, data-3",2
87,何婧/常晋源,,,0
88,何媛媛/冯卫东,,,0
89,何宇,难度还好，就是教excel。我感觉他讲的挺好的，每节课都很流畅。我们这学期是六周，平时没事，总评分就是期末分（回答问题能加分），但不知道之后的课如果延长到十几周平时会不会有作业 | 难度还好，就是教excel。我感觉他讲的挺好的，每节课都很流畅。我们这学期是六周，平时没事，总评分就是期末分（回答问题能加分），但不知道之后的课如果延长到十几周平时会不会有作业,"data-2, data-3",2
90,何宇/瞿旭,难度还好，就是教excel。讲的挺好的，每节课都很流畅,data-1,1
91,何弦,,,0
92,何成艳,,,0
93,何明洁,事比较少 没缺勤过发过一次言平时分90 | 事比较少 没缺勤过发过一次言平时分90 | 还好吧，就是偶尔要签到,"data-2, data-3",2
94,何欢,,,0
95,何欢/秦增强,,,0
96,何潇潇,,,0
97,何熙琼,,,0
98,何福良,,,0
99,何苦,,,0
100,何莉娟,她人挺好的，但是我们当时事情特别特别多每周都很多作业，期末考核有可能是小组讨论 | 她人挺好的，但是我们当时事情特别特别多每周都很多作业，期末考核有可能是小组讨论 | 事情有点多，但是据我了解那个板块的事都多 | 几乎周周突击考，题型不说，题量不说，经我们是期末写论文，字数不多，平时只有一个小组作业，很简单，没有pre，上课有好几次小测，不定期，建议好好做，请假都会过但是一定要请常做不完。 | 分不高 小组作业多 不过上课可以划水不会点人回答好喜欢老师！只要喜欢pre 最后94,"data-2, data-3",2
101,何衍林,,,0
102,何超然,,,0
103,何雅兴,平时分还不错 | 平时分还不错 | hyx人很好会捞,"data-2, data-3",2
104,何雅兴/马丹,,,0
105,何霞,,,0
106,佘睿,,,0
107,余喜生,老师人很好，很负责 | 老师人很好，很负责 | 平时接近满分 | 喜欢余老师讲课 简洁精练 思路很清晰 人很好👍助教也很负责,"data-2, data-3",2
108,余婕,,,0
109,余宇,,,0
110,余建宇,,,0
111,余欣,,,0
112,余津嫺,,,0
113,余津嫺/李起铨,,,0
114,余海宗,事不多，上课不管，给分还行,data-1,1
115,余睿,讲得好人好给分好,data-3,1
116,余莎,,,0
117,侯哲之/周凡,,,0
118,俞佩玉,,,0
119,倪剑,,,0
120,倪晶晶,老师人很好 分很高,data-3,1
121,傅代国,老师超级好，分也高,data-1,1
122,傅佳莎,,,0
123,傅泳,,,0
124,傅立立,,,0
125,全智,,,0
126,兰伟/王籼入,,,0
127,兰伟/蒲丹,兰人很好，就是讲的一般般 对着电子课本讲 两年之前是这样的 现在咋样不知道 | 兰人很好，就是讲的一般般 对着电子课本讲 两年之前是这样的 现在咋样不知道 | 一个字也听不懂，但是给分真的好,"data-2, data-3",2
128,兰岛,,,0
129,兰荣杰,,,0
130,兰荣杰/郑敏思,,,0
131,兰蕙心,兰蕙心，人美心善,data-3,1
132,冯保伟,,,0
133,冯俭,老师人挺好的 这个课比你想象中简单很多,data-1,1
134,冯华,冯华老师特别好，给分也不错，事也很少。 | 冯华老师特别好，给分也不错，事也很少。 | 期末是论文，老师要求挺严格的。但是认真就能拿高分 | 期末是论文，平时有一次展示,"data-2, data-3",2
135,冯建,,,0
136,冯源,,,0
137,冯硕,,,0
138,冯连月,,,0
139,冯鹏程,,,0
140,况昕,平时分给分低，事多 | 我也不知道大家为什么避雷，momo全勤，认真完成了小组作业，平时分有98,data-3,1
141,凌小梅,,,0
142,凌星,,,0
143,刁永辉,,,0
144,刘世强,,,0
145,刘书祥,,,0
146,刘亚琨,好！给分高（我90+）教的也好人也有趣 | 好！给分高（我90+）教的也好人也有趣 | 上过他的大心理，挺好的 | 刘亚琨给我冲！,"data-2, data-3",2
147,刘亚辉,lyh！没有pre！给分高！ | lyh！没有pre！给分高！,"data-2, data-3",2
148,刘伟,,,0
149,刘伟亮,,,0
150,刘伟亮/牛晓晶,,,0
151,刘余,,,0
152,刘余/蔡雨娟,,,0
153,刘元生,,,0
154,刘军,狠狠避雷刘军老师的口语 ，得主动回答问题，他说不主动回答最后给分会低，还有三次小组展示，上课就是跟他念句子，每节课有一个讨论的话题 | 他不抽或者说很少，这才是最恐怖的，因为他要你主动上台去发言不然给你70来平时分，当然，发言了的可能也不高，不发更是低中低 | 事多给分贼低，全年级最高分91 | 狠狠避雷刘军老师的口语 ，得主动回答问题，他说不主动回答最后给分会低，还有三次小组展示，上课就是跟他念句子，每节课有一个讨论的话题 | 他不抽或者说很少，这才是最恐怖的，因为他要你主动上台去发言不然给你70来平时分，当然，发言了的可能也不高，不发更是低中低 | 事多给分贼低，全年级最高分91,"data-3, data-1",2
155,刘军军,老师人很好！给分也还可以！ | 老师人很好！给分也还可以！,"data-2, data-3",2
156,刘凌,刘凌老师人非常好，课没上过 | 刘凌老师人非常好，课没上过 | 刘凌老师人超级好给分也超级好，王俊老师人好给分不知道,"data-2, data-3",2
157,刘力嘉,,,0
158,刘力溯,,,0
159,刘华,,,0
160,刘君涵,,,0
161,刘园园,老师很好 | 老师很好,"data-2, data-3",2
162,刘园园/张山杉,刘老师我没上，但是能选到就冲！老师很好。 | 刘老师我没上，但是能选到就冲！老师很好。,"data-2, data-3",2
163,刘国,,,0
164,刘坤,,,0
165,刘坤/王慧,,,0
166,刘夏明,,,0
167,刘奕,,,0
168,刘娟,,,0
169,刘婵,给分挺高的，划重点也很准 | 给分挺高的，划重点也很准 | 社会学强推刘婵老师！！！平时分给了我100 | 真的超爱，平时分好高,"data-2, data-3",2
170,刘子嘉,,,0
171,刘子豪,老师特别好,data-1,1
172,刘宏鲲,刘老师讲课很好，收获很大，期中期末分别一个案例分析，要拿高分就要认真，不能水。跨选还是可以的，基础要求不高，学过微经就行。但不是那种很轻松拿高分的水课。 | 刘老师讲课很好，收获很大，期中期末分别一个案例分析，要拿高分就要认真，不能水。跨选还是可以的，基础要求不高，学过微经就行。但不是那种很轻松拿高分的水课。 | 刘不错，平时分可以拉满，但期中期末论文要写的好,"data-2, data-3",2
173,刘尉,,,0
174,刘小燕,,,0
175,刘彩平,,,0
176,刘径华,,,0
177,刘思涓,,,0
178,刘思涓/徐跃辉,,,0
179,刘思涓/黄巍,,,0
180,刘怡蕾,老师真的人美心善。。她真的好美给分还高 | 老师真的人美心善。。她真的好美给分还高 | 上货金虽然没怎么认真听但都没玩手机 | 她好美好温柔给分好高,"data-2, data-3",2
181,刘恒,,,0
182,刘悦,刘悦老师很好  人美心善手把手教 | 刘悦老师很好  人美心善手把手教 | 挺好的  平时分很高,"data-2, data-3",2
183,刘扬,,,0
184,刘攀,,,0
185,刘文月,,,0
186,刘斌,统计类大课不要报,data-1,1
187,刘晓娜,,,0
188,刘晓辉,,,0
189,刘曼冬,,,0
190,刘杨,,,0
191,刘柯含,,,0
192,刘沙,,,0
193,刘洋,她的英语写作好到我一次都没迟到过 | 她的英语写作好到我一次都没迟到过 | 课很轻松，平时的作业可以用手机做，而且不会点名，也没有什么小测,"data-2, data-3",2
194,刘洋洋,,,0
195,刘洪仁,多的很，给分不算友好 | 还不错 | 挺好的，事不多，给分好,data-1,1
196,刘派诚/顾绚,,,0
197,刘海尔,刘老师人很好给分挺高的 上课也比较宽 考核什么的都挺松的，会给不错的分，人也好说话,data-1,1
198,刘炎周,,,0
199,刘璐,,,0
200,刘田,刘田给分可以，平时95+，PPT也挺详细的 | 刘田给分可以，平时95+，PPT也挺详细的,"data-2, data-3",2
201,刘畅,温温柔柔的，事情也不多，喜欢 | 温温柔柔的，事情也不多，喜欢 | 刘畅之前教我们行测 还挺好的 | 可以，平时分给的高,"data-2, data-3",2
202,刘畅/王璐璐,,,0
203,刘睿雯,,,0
204,刘睿雯/孟琳琳,,,0
205,刘磊,,,0
206,刘科,给分挺高的，能学到不少,data-1,1
207,刘科/宋珂慧,,,0
208,刘红,,,0
209,刘翔实,这个老师很nice | 冲！英文授课，但当时我上课的时候人少加疫情所以期末是take-home exam，期末真的努力在捞 | 微宏都是两位老师教的 非常好,data-1,1
210,刘耀午,,,0
211,刘芹,,,0
212,刘菲菲,,,0
213,刘萌,,,0
214,刘蓉,期末论文分好低，但平时分又还可以 | 期末论文分好低，但平时分又还可以 | 她好像有两门课，税收筹划和数字财税概论，分都低低的很安心,"data-2, data-3",2
215,刘蓉/李娜,平时分很低（期末也低，但是平时分比期末还低）,data-1,1
216,刘豪,,,0
217,刘贤勇,,,0
218,刘越,挺好的 人很和善，平时分确实好高，作业都交了平时分就是100吧 | 挺好的 人很和善，平时分确实好高，作业都交了平时分就是100吧 | 刘越帅哥，平时分拉满 | 我们当时是一学期三次，不定日期随机点名,"data-2, data-3",2
219,刘轶,,,0
220,刘辛丹/周腾军/付磊,,,0
221,刘金朋,给分高，非常好。Excel基础和Wind应用难度不是很大，就是他上课讲的，你照他讲的东西做就可以咧，实在不会还可以上网上搜 | 给分高，非常好。Excel基础和Wind应用难度不是很大，就是他上课讲的，你照他讲的东西做就可以咧，实在不会还可以上网上搜 | 我们是期中期末一共两次小组作业，期末一次个人作业。老师挺好说话的感觉，一般点名都会提前通知 | 觉得还好吧，考试的话我猜测是小组作业和个人作业结合（因为我这学期上的他的Excel和金融建模,"data-2, data-3",2
222,刘金石,,,0
223,刘雨倩,,,0
224,刘霞,,,0
225,刘静,,,0
226,华夏,,,0
227,华晨,华晨长得帅，但讲的中规中矩， 给分还华晨长得帅，但讲的中规中矩， 给分还可以可以 | 华晨长得帅，但讲的中规中矩， 给分还华晨长得帅，但讲的中规中矩， 给分还可以可以 | 高的挺高，低的也挺低 | 高的挺高，低的也挺低,"data-2, data-3",2
228,南晓彤,上课很有趣，老师人特别好 | 上课很有趣，老师人特别好 | 温柔大美女，人超级好，我期末平时分96 | nxt上课很有趣，老师人特别好，还没结课，不知道分数咋样 | 温柔大美女，人超级好，我期末平时分96➕ | 每节课都会点名 但老师讲课很有意思给分也很好 | 三次小作文期末是跳舞，人挺好,"data-2, data-3",2
229,占求港,,,0
230,卢俊霖,,,0
231,卢冲/秦志龙,"放心大胆冲卢冲老师的计算社会学 非PPTreader课，教软件 ，以后其他课上的pre包有的装的
(上次选老师的微观就给我平时分99",data-1,1
232,卢灵煜,挺好的 ，平时分和期末都是90+ | 挺好的，事不多，给分好,data-1,1
233,卢琦,,,0
234,卢舟一星,,,0
235,卢飞,挺好的,data-1,1
236,卫杏鹏,,,0
237,卫柯臻,,,0
238,印通,,,0
239,印通/李怡,,,0
240,古韬,,,0
241,史珈铭,,,0
242,史珈铭/毛谢恩,,,0
243,史雪聃,,,0
244,叶作亮/谢凤燕/李丹,,,0
245,叶俊,,,0
246,叶净,,,0
247,叶容均,,,0
248,叶容均/李游,,,0
249,叶小兰,,,0
250,叶淋宁,,,0
251,叶红,还可以，就是老师有时候有点严格 | 还可以，就是老师有时候有点严格 | 给分一般吧，作业整个学期有个4、5次，我记得好像是读书笔记和汇报，期末是汇报结课 | 怎么点过名，但是因为旅游管理专业本身人很少，所以来没来其实很明显 。。。。课本身不难,"data-2, data-3",2
252,叶红/廖治学,,,0
253,叶胥/江舟,,,0
254,吉利,,,0
255,向姝婷,,,0
256,吕兴洋,,,0
257,吕君怡,,,0
258,吕品,,,0
259,吕小锋,,,0
260,吕彦,,,0
261,吕敏,,,0
262,吕新昱,,,0
263,吕朝凤,这个老师脾气不好，对不同的人态度不一样 而且他公选课给我的感觉就是不会上课 | 这个老师脾气不好，对不同的人态度不一样 而且他公选课给我的感觉就是不会上课 | 早就听说老师很严，四大挂王,"data-2, data-3",2
264,吕永健,,,0
265,吕进鹏,给分一般般,data-3,1
266,吴博晨,新老师，但人很帅也很好 | 新老师，但人很帅也很好,"data-2, data-3",2
267,吴君凤,人美心善，给分超级高事情也少 | 人美心善，给分超级高事情也少 | 上课会点人回答问题，但是给分很高 | 老师记人会找人回答问题 但是给分还可以 人特别好,"data-2, data-3",2
268,吴善辉,,,0
269,吴园园/李娇阳,吴老师上课一般，给分高 | 吴老师上课一般，给分高,"data-2, data-3",2
270,吴垠,,,0
271,吴姗,非常好,data-3,1
272,吴婧,上学期她给我平时分打满了（可能也因为mo的体测太差需要捞一下ċ,data-1,1
273,吴季,,,0
274,吴应军,,,0
275,吴戈,,,0
276,吴江,没错！讲课好事少分高 | 没错！讲课好事少分高 | 吴江老师给分比较公正。就是你平时做的好了，就会给的高，平时做的不好的话也不会手软感觉 | 给分比较公正吧，讲的还不错，不过平时任务挺多,"data-2, data-3",2
277,吴江/李太勇,,,0
278,吴治繁,,,0
279,吴玉平,事少，分也不错，每节课都要点人回答问题,data-1,1
280,吴瑾,,,0
281,吴萌,,,0
282,吴裕珠,,,0
283,吴裕珠/陈佳,,,0
284,吴论文,,,0
285,吴邦刚,上课很有趣，性格很好 | 上课很有趣，性格很好 | 前半学期不点名，让同学尽量坐固定的位置，凭印象给考勤分。后半学期按小组签到，好好学了期末能给也会尽量给的,"data-2, data-3",2
286,吴量,给量哥打call！！讲得很清楚老师人也很好！！ | 给量哥打call！！讲得很清楚老师人也很好！！,"data-2, data-3",2
287,吴量/周岭,,,0
288,吴钢,,,0
289,吴静,,,0
290,吴骞,挺好的 期末给分也挺高 | 挺好的 期末给分也挺高,"data-2, data-3",2
291,吴龙霞,,,0
292,员东婷/胡芮,wj老师平时分我们按小组给….然后全班就两个小组….最后两个小组一样的分,data-1,1
293,周丽晖,喜欢周丽晖，虽然每次上课之前要提问，但是会提前给问题，这样确实能强制我学会点什么东西ţ | 喜欢周丽晖，虽然每次上课之前要提问，但是会提前给问题，这样确实能强制我学会点什么东西ţ | 还可以，上课抽问（可以照着书读），平时分90+ | 教的很好，好好做作业不然你的平时分会很难看。,"data-2, data-3",2
294,周亚晶,,,0
295,周克清,,,0
296,周克清/马骁,,,0
297,周凡吟,只能说给研究生讲东西很认真 | 只能说给研究生讲东西很认真,"data-2, data-3",2
298,周博维,,,0
299,周国波,,,0
300,周国波/缪丹,,,0
301,周婷婷,dq上形体与礼仪，不难，老师人挺好的,data-1,1
302,周峰,不过他给分一向很好，不会很低，就是他要求的，要给他看作业，每节课都有任务，但是我们组没有完成 | 不过他给分一向很好，不会很低，就是他要求的，要给他看作业，每节课都有任务，但是我们组没有完成 | 人很好，就是经常讲话我听不懂，而且很快,"data-2, data-3",2
303,周峰/郑海超,,,0
304,周明星,,,0
305,周晓蓉,周周老师上课挺好的，也温柔 | 周周老师上课挺好的，也温柔 | 上过周周的课，老师挺好,"data-2, data-3",2
306,周正,,,0
307,周正/顾珉珉,公选课好有意思,data-1,1
308,周正宏,,,0
309,周洁,我们那次给分还蛮好的 上课也允许做其他事情 | 我们那次给分还蛮好的 上课也允许做其他事情,"data-2, data-3",2
310,周海荣,事挺多的，时不时会点名和叫人回答问题，很不喜欢学生在下面玩手机不听课，不过最后平时分开的挺高的 | 事挺多的，时不时会点名和叫人回答问题，很不喜欢学生在下面玩手机不听课，不过最后平时分开的挺高的 | 没有平时作业，但是有小组pre。平时分给我开到了95，而且我还有一次缺勤的情况 | 周海荣老师挺好的，有小组作业但形式自由，平时成绩实验成绩都90+,"data-2, data-3",2
311,周游,考核方式挺简单的就是写平时作业（期末才交）最后一个小组论文，老师给分很高，放心选 | 考核方式挺简单的就是写平时作业（期末才交）最后一个小组论文，老师给分很高，放心选 | 冲就可以了，作业少，考核是小组论文 | 老师挺好的，给分很高，我总评93。期末只有小组展示和每章的一点点作业。,"data-2, data-3",2
312,周溪亭,,,0
313,周玮,周老师！平时分拉满！ | 周老师！平时分拉满！ | 周玮分高讲得好,"data-2, data-3",2
314,周立成,,,0
315,周茂,周茂老师讲的好，给分90 | 周茂老师讲的好，给分90,"data-2, data-3",2
316,周长运/杨雨晴,,,0
317,周静,,,0
318,周静/赵元,,,0
319,周魅,,,0
320,周鸿宇,,,0
321,和泽慧,老师给分高 | 老师给分高 | 和老师是新老师，上课就是吧啦吧啦一直低着头念，语调很平很催眠，考核方式全课题组统一,"data-2, data-3",2
322,唐一淞,,,0
323,唐丽清,,,0
324,唐凯雪,很好,data-1,1
325,唐宏宇,,,0
326,唐富君,,,0
327,唐小飞,,,0
328,唐廷凤,,,0
329,唐悦,,,0
330,唐明凤/沈涛,,,0
331,唐晓勇,很好，不点名，但是给分不知道，讲得很好ww很生动 | 我是这个学期选的所以不知道给分（听说很高） 我们没有小组 只有一个读书报告 老师人真的很好～事情很少而且很体谅大家,data-3,1
332,唐浩丹,,,0
333,唐睿伊/傅阳,,,0
334,唐睿伊/孙野,,,0
335,唐芸茜,讲的挺细的，给分也很好，是个很温柔的老师 | 讲的挺细的，给分也很好，是个很温柔的老师 | 讲的不好，给分不错,"data-2, data-3",2
336,唐芸茜/严文龙,,,0
337,唐雪松,,,0
338,唐静静,很负责很认真 | 很负责很认真,"data-2, data-3",2
339,喻开志,,,0
340,喻敏,,,0
341,在线课程教师,,,0
342,夏一巍,,,0
343,夏一鸣,,,0
344,夏常源,平时分挺高的，老师人很好，也幽默，上的挺好的 | 平时分挺高的，老师人很好，也幽默，上的挺好的 | 老师人超好，讲的也很好,"data-2, data-3",2
345,夏微,,,0
346,夏怡凡/凌星,讲的可以，夏老时会划重点 | 讲的可以，夏老时会划重点,"data-2, data-3",2
347,夏怡凡/李俭富/陈磊,,,0
348,夏怡凡/董春/张红历,,,0
349,夏添,非常ok | 事情很麻烦,data-1,1
350,夏潆焱,,,0
351,姚星/王博,,,0
352,姜先登,,,0
353,孔丽娟,,,0
354,孔星宇,巨好 | 不高，老师人很好，经常会帮助你,data-1,1
355,孙云龙,他狂捞，也不是 主要他期末重点划很细 认真看看不至于挂 | 他狂捞，也不是 主要他期末重点划很细 认真看看不至于挂 | 人好，上过孙老师数模，虽然是老教师但是特别有意思,"data-2, data-3",2
356,孙宁丰,,,0
357,孙巨杉,把人当幼儿园小朋友一样教，特好,data-1,1
358,孙林,可以演讲也可辩论 孙老师的课放心选 给分好 有作业 但作业不会很难 老师很随和 | 可以演讲也可辩论 孙老师的课放心选 给分好 有作业 但作业不会很难 老师很随和 | 孙林冲冲冲！ | 当时有期中期末两次考核，期中考背稿演讲，期末可选背稿演讲or跟同学组队辩论，不过大多数人都选择的是演讲,"data-2, data-3",2
359,孙楠/杨帆,跑 | 都挺好的,data-1,1
360,孙楠/袁玥,zn跑,data-1,1
361,孙毓璘,孙老师很好呀 人美温柔很细致 给分也高！ | 孙老师很好呀 人美温柔很细致 给分也高！ | 有小组作业（15%），慕课（30%），期末考核是6000-8000字的论文（40%） | 孙老师很可爱可亲并且超级温柔鼓励式教育蛮好蛮好,"data-2, data-3",2
362,孙永智,,,0
363,孙炜红,,,0
364,孙秀丽,给非挺好 | 给非挺好,"data-2, data-3",2
365,孙苗,人挺好 | 人挺好,"data-2, data-3",2
366,孙苗/冯晓静,老师人都挺好的 | 老师人都挺好的,"data-2, data-3",2
367,孙莉,感觉不怎么样 | 感觉不怎么样,"data-2, data-3",2
368,孙菁菁,,,0
369,孙野/唐睿伊,,,0
370,孙阳/黄大康,大康好，温和有耐心，讲课我觉得挺清楚的，不清楚去问他他也很耐心地给你再讲一遍，之前期中听说帮我们捞了十多分，平时分90+ | 大康好，温和有耐心，讲课我觉得挺清楚的，不清楚去问他他也很耐心地给你再讲一遍，之前期中听说帮我们捞了十多分，平时分90+,"data-2, data-3",2
371,孙静华,还行吧 每次课去上了作业做了 期末大作业也做了 总评92 | 还行吧 每次课去上了作业做了 期末大作业也做了 总评92 | 没有小组作业 只有一个期末大作业 就是平时课上只要跟着做都会做的 不会提问,"data-2, data-3",2
372,孟伟伟,,,0
373,孟凡棋,,,0
374,孟开文,,,0
375,宁南,,,0
376,宁南/向姝婷,,,0
377,宁炜,期末不给题库 其他老师都会给题库 然后期末很多重复或类似的很好过 他就不会管这些 慎重 | 期末不给题库 其他老师都会给题库 然后期末很多重复或类似的很好过 他就不会管这些 慎重,"data-2, data-3",2
378,宋全云,上过宋老师的货金，讲的非常好 | 上过宋老师的货金，讲的非常好 | 投资学好,"data-2, data-3",2
379,宋博迁,,,0
380,宋婧琳,好的很美女老师讲课很有趣，事儿不多，给分我觉得还行，又美又温柔 | 好的很美女老师讲课很有趣，事儿不多，给分我觉得还行，又美又温柔 | 非常友好，老师人也很好，期末还会给我们总结的PPT | 她超好，我们上课时候她不查签到的！讲课也很有趣！！给分也高，momo最后拿了94,"data-2, data-3",2
381,宋易珈,,,0
382,宋晋/马春蓉,,,0
383,宋晓希,老师给分挺高的，平时也没啥事 | 老师给分挺高的，平时也没啥事,"data-2, data-3",2
384,宋晓莉,,,0
385,宋晓莉/许晓卉,,,0
386,宋洋,,,0
387,宋浩,不是数学专业的看宋浩就行 | 不是数学专业的看宋浩就行 | 基础可以听，但就是他在课堂上讲的习题太简单了，你要自己多做一些有难度的题,"data-2, data-3",2
388,宋珂慧,,,0
389,宗树伟,新老师 都看重教评 | 新老师 都看重教评,"data-2, data-3",2
390,尚华,,,0
391,尚华/张大永,老师都挺好 | 老师都挺好,"data-2, data-3",2
392,尚玉皇,,,0
393,尚龙飞,,,0
394,尹亚军/陆佳,,,0
395,尹玉刚,特别好 | 特别好,"data-2, data-3",2
396,尹诗白,上过课，老师很认真上课也很用心 | 上过课，老师很认真上课也很用心,"data-2, data-3",2
397,屠致远,,,0
398,山立威,,,0
399,岳佳,老师讲地好认真，真的是 大二了终于感觉遇到了好数学老师 | 老师讲地好认真，真的是 大二了终于感觉遇到了好数学老师 | 老师超级认真 是我三年来见过最最负责的老师了 | 超级无敌好，老师特别细心负责 板书也很工整 讲得很清楚！ | 但是yj老师不太捞人，我们专业两个概率论老师，另外一位一个没挂，全是yj班上的去补考 | 好像是会捞吧？说是平时分给的还挺高的，如果期末考的确实不好那可能真的捞不起来 | 梦中情师，课后每周都会有线上习题课，还把录播发群里。还有整理的往届期末试题，亲自手写的答案，各种资料往群里发。就连这次期末考试的卷子和答案讲解都发了,"data-2, data-3",2
400,崔圣杰,崔导人真的很不错,data-3,1
401,崔恩昊,,,0
402,崔红卫,,,0
403,崔雅岚,,,0
404,崔雅岚/王妍,,,0
405,崔雪茹,挺好的，会有课堂考勤，期中论文，但是老师人很好，很热心的一个老师，有问必答 | 挺好的，会有课堂考勤，期中论文，但是老师人很好，很热心的一个老师，有问必答 | 崔老师会捞的 你只要课都去然后论文好好写 她平时分给很高的 | 语速贼快，而且不完全按书讲，勾书的时候找半天找不到她说的那句话在哪儿,"data-2, data-3",2
406,席悦娟,,,0
407,廖奇琦,冲就完事 | 冲就完事 | 廖老师人很好的，教的也很好，也不会故意卡分,"data-2, data-3",2
408,廖宏斌/胡秋明,,,0
409,廖怀学,,,0
410,廖振中,,,0
411,廖毅,人非常好，会给很多未来规划的建议 | 人非常好，会给很多未来规划的建议 | 给分高,"data-2, data-3",2
412,廖汪洋,,,0
413,廖治学,,,0
414,廖米,,,0
415,廖赛男,,,0
416,张丹,老师超好 | 老师超好 | 老师人特别好选她选她,"data-2, data-3",2
417,张义刚,,,0
418,张乐婷,,,0
419,张云亮,,,0
420,张亚秋,,,0
421,张亮,,,0
422,张伦伦,,,0
423,张伦伦/吕敏,,,0
424,张佛德/郭斌,,,0
425,张佩蕾,,,0
426,张佳,贝叶斯的神之老师 | 贝叶斯的神之老师,"data-2, data-3",2
427,张佳/周玮,,,0
428,张俊华,,,0
429,张倩倩,无脑冲，讲课也不错 | 无脑冲，讲课也不错 | 平时分给分很高了基本90+95左右吧，会计主要看期末考试吧，上课也挺好的。我是3年前上过她的会计，当时她期末捞人甚至给了平时100 | 很高，基本上都是满的,"data-2, data-3",2
430,张冬,人很好，但期末实难 | 人很好，但期末实难,"data-2, data-3",2
431,张冬/唐雪松,会计信息系统张冬老师 人很好，但期末实难，期末不机考，在规定时间交就行， | 会计信息系统张冬老师 人很好，但期末实难，期末不机考，在规定时间交就行，,"data-2, data-3",2
432,张劲松,,,0
433,张卉,,,0
434,张卉/林旻雯,zh 我期末九十多 平时给我打八十几 作业回答问题全勤 | zh 我期末九十多 平时给我打八十几 作业回答问题全勤 | 林老师还行，偶尔点名,"data-2, data-3",2
435,张华节,这学期上的张华节老师的计量，讲课挺好的，老师也是个幽默的人 | 这学期上的张华节老师的计量，讲课挺好的，老师也是个幽默的人 | 挺好的 你作业认真写上课认真学 期末没啥问题,"data-2, data-3",2
436,张卓君,,,0
437,张博,,,0
438,张博涵,,,0
439,张卫东,很折磨，需要小组展示，要求很高，有效提问可以加分，具体里面没有展示的人好像还要准备小论文。当时是期末论文布置的也比较晚，导致同学们怨念很大。但是在专业能力提升上面比较厉害，听说最后给分还可以。总之要在这个课上花很大的精力，也是真的能学到东西。 | 很折磨，需要小组展示，要求很高，有效提问可以加分，具体里面没有展示的人好像还要准备小论文。当时是期末论文布置的也比较晚，导致同学们怨念很大。但是在专业能力提升上面比较厉害，听说最后给分还可以。总之要在这个课上花很大的精力，也是真的能学到东西。,"data-2, data-3",2
440,张园园,老师超级可爱，事不多，平时两三次作业，一次小组展示，期末因为疫情开放提前回家就变成开卷回答问题，可以选！ | 老师超级可爱，事不多，平时两三次作业，一次小组展示，期末因为疫情开放提前回家就变成开卷回答问题，可以选！ | 出勤5，作业20，课堂表现25，期末考核50,"data-2, data-3",2
441,张天成,,,0
442,张太富,大职规张太富！我的神 | 大职规张太富！我的神,"data-2, data-3",2
443,张太富/赵萍萍,,,0
444,张太富/郭开强,,,0
445,张娟,,,0
446,张婷,给分高 | 给分高,"data-2, data-3",2
447,张婷婷,,,0
448,张宇阁,,,0
449,张安全,,,0
450,张家瑞,,,0
451,张小波,老师挺好的，给分挺不错，偶尔点名，期中好像是一次小组pre | 事少分高 老师人超好 | 老师挺好的，给分挺不错，偶尔点名，期中好像是一次小组pre | 事少分高 老师人超好,"data-3, data-1",2
452,张尧钧,,,0
453,张山杉,,,0
454,张帆/李思雨,,,0
455,张彤玢,,,0
456,张志,,,0
457,张怀岭/吴越,,,0
458,张怀岭/杨秋宇/毛快,没有作业，没有期末考试，好像有两次辩论，分数应该还不错 | 没有作业，没有期末考试，好像有两次辩论，分数应该还不错,"data-2, data-3",2
459,张怀岭/黄礼登,,,0
460,张思聪,,,0
461,张怡,,,0
462,张怡然,张怡然老师人超级nice | 张怡然老师人超级nice | 给分高 老师很好 但是很社恐的不太建议 因为会单独表演小节目啥的 | 张怡然老师的戏剧表演基础训练，好玩，i人最好不要，期末表演剧目。就是要当场自我介绍或者即兴表演的地步，大家都会看着你，这种程度 | 老师大美女人超好超有趣 分高不高还不知道 但是建议冲！（公选课,"data-2, data-3",2
463,张恩碧,上课教的很详细，适合基础不好的 | 挺好的,data-1,1
464,张文洁,,,0
465,张文洁/钟慧,,,0
466,张文燕,老师讲得挺细，考试炒鸡捞人，好，冲就完了 | 老师讲得挺细，考试炒鸡捞人，好，冲就完了 | 人超好，其他课分很高 | 无脑冲！考前会把复习资料发给你，分很高 | 考试，给分还可以，出题不一定很简单,"data-2, data-3",2
467,张易,都很好，放心冲,data-1,1
468,张昕,讲的不错，给分可以 | 讲的不错，给分可以 | 我觉得蛮好的，我当时基本拉满了 | 我觉得蛮好的，我当时基本拉满了,"data-2, data-3",2
469,张晓倩,非常好，超好 | 非常好，超好 | 求求你一定要上她的课！！！这么好的老师错过太亏了,"data-2, data-3",2
470,张晓玫,巨严格 | 巨严格,"data-2, data-3",2
471,张晓舸,我期末九十多 平时给我打八十几 作业回答问题全勤 | 我期末九十多 平时给我打八十几 作业回答问题全勤 | 平时分按四五次作业外加一次学习通开卷期中考试  ，一次小组作业  拿分全凭本事 但是作业找不到答案 AI也不是很靠谱... | 考选择 判断 填空 大题，考多少就在期末成绩占比多少,"data-2, data-3",2
472,张术林,,,0
473,张杨雪,,,0
474,张栋浩,,,0
475,张桥云,期中期末都是论文 但是老师要求有点严格。但是你想认真学就选他 | 期中期末都是论文 但是老师要求有点严格。但是你想认真学就选他 | 他就是很看重出勤，如果要经常逃课就别选，我身边平时分低的都是因为点名有几次没来，他也不常点名的 | 认真的话大概率能上90吧，老师上课很多干货，平常也没考试，我平时分好像也上90了，就是期末论文我是赶工出来的比较水，所以分不算很高，但是我很满意了,"data-2, data-3",2
476,张梦/林红霞/施思/马江水,,,0
477,张楠,,,0
478,张欢,,,0
479,张欢/张瑶/邓可人,,,0
480,张欢欢/张欢欢,,,0
481,张欣,法学院的张欣老师人美心善，但是这门课没上过，有幸上过老师的宪法学 | 法学院的张欣老师人美心善，但是这门课没上过，有幸上过老师的宪法学,"data-2, data-3",2
482,张欣/赵勇,,,0
483,张正军,,,0
484,张正军/闫开龙,,,0
485,张毓峰,,,0
486,张汉鹏,,,0
487,张泽立,,,0
488,张洋铭,,,0
489,张清邦,会捞，而且期末考的相对好的话，平时成绩会给你拉满 | 会捞，而且期末考的相对好的话，平时成绩会给你拉满,"data-2, data-3",2
490,张滕/许致维,,,0
491,张瀚文,,,0
492,张瀚文/唐云峰,,,0
493,张瀚文/贺英,又水得分又高 上个学期只去过两次课给了95 | 又水得分又高 上个学期只去过两次课给了95,"data-2, data-3",2
494,张炜,他讲课逻辑很清晰，比较爱写板书，手稿超级详细， | 我上过他的课，他会捞人，知道这一点对你们来说就够了 | 感觉他讲的很细，而且超有梗,data-3,1
495,张煜,上课疯狂抽人 要求每个人写姓名牌放在桌上。但是这学期作业挺水的，也只做了2个pre 她人还行，就是讲课emm感觉学不到什么东西 | 上课疯狂抽人 要求每个人写姓名牌放在桌上。但是这学期作业挺水的，也只做了2个pre 她人还行，就是讲课emm感觉学不到什么东西 | 期末考试，期中写了一个论文，平时展示，上学期每个组至少展示了2次，有些组展示了3次,"data-2, data-3",2
496,张玉越,,,0
497,张玮,好！很轻松，特别搞笑一老师 | 好！很轻松，特别搞笑一老师 | zw真的很轻松，无脑冲，无小组作业无小测，只有期中期末两篇paper。难抢，已经爆满了。 | zw老师事少，基本不点名，但是留期中作业和期末作业的时候一定要去，期中要求他是纯口述滴 | 上过他的跨文化商务沟通，人很好，讲课蛮幽默的，给分也不错,"data-2, data-3",2
498,张玲,,,0
499,张珑舰,,,0
500,张琪,之前是我们辅导员  老师人美而且对学生好  给分就不知道咧 | 我是她这学期课代表，反正人很好也没那么多事,data-1,1
501,张琳,,,0
502,张琼文,老师本身很好，分数不会很低 | 不会给分低,data-1,1
503,张璟,老师教的很好很扎实，什么都讲，所以学起来比较累，但是确实能学到东西。平时分就是学习通上做作业的分数 | 老师教的很好很扎实，什么都讲，所以学起来比较累，但是确实能学到东西。平时分就是学习通上做作业的分数 | 不点名，讲的很仔细，平时分跟平时作业关系很大，没有期中考试，期末闭卷考试,"data-2, data-3",2
504,张笃仲,,,0
505,张筱歌,,,0
506,张翔,,,0
507,张翼,,,0
508,张聪颖,,,0
509,张腾飞,事多（即答）而且讲课风格一言难尽 | 事多（即答）而且讲课风格一言难尽,"data-2, data-3",2
510,张腾飞/吕朝凤,,,0
511,张航,张航！！！一生推荐 | 张航！！！一生推荐 | 大学遇到的最好老师,"data-2, data-3",2
512,张芸,,,0
513,张芸/毛快,,,0
514,张英,,,0
515,张译匀,,,0
516,张赟,,,0
517,张路平,,,0
518,张轶凡,,,0
519,张进,,,0
520,张钧涵,无 | 无,"data-2, data-1",2
521,张钰/马思远,,,0
522,张锐,真好,data-1,1
523,张阳,老师人挺好的，就是课的内容有点复杂 | 老师人挺好的，就是课的内容有点复杂,"data-2, data-1",2
524,张阳/熊杰,老师人挺好的，就是课的内容有点复杂 | 老师人挺好的，就是课的内容有点复杂,"data-2, data-3",2
525,张陆,,,0
526,张雪莲,人特好 | 人特好,"data-2, data-3",2
527,张雷,,,0
528,张馨月,老师人蛮好的，课不难 就是写论文 | 老师人蛮好的，课不难 就是写论文,"data-2, data-3",2
529,张鼎,,,0
530,彭世忠,,,0
531,彭云雁,事情很多 分倒是不高 | 事情很多 分倒是不高 | 一点东西都学不到，事情还超级多，分数还给的很低，狠狠避雷这个老师 | 上课还会讲一些莫名奇妙的东西，反正选她大概率就是完蛋啦,"data-2, data-3",2
532,彭克强,,,0
533,彭刚,讲课很好 | 讲课很好,"data-2, data-3",2
534,彭博,很OK 推荐 | 讲的一般 平时分拉满 可以冲 | 很OK 推荐,"data-2, data-1",2
535,彭博/邱甲贤,,,0
536,彭宁,"yyds,事少分高",data-1,1
537,彭泺,,,0
538,彭泺/贺英,"yyds,事少分高 | 事不多",data-1,1
539,彭浩,,,0
540,彭涛,,,0
541,彭璇,,,0
542,彭立,闭卷考试,data-1,1
543,彭雪梅,,,0
544,徐亮/徐敏/罗潇潇/吴裕珠/熊健/高歌/寇纲,,,0
545,徐亮/赵奕奕/罗潇潇/吴裕珠/熊健/高歌/寇纲,,,0
546,徐冲,,,0
547,徐凤,xf讲的很好，给分也很好 | 她捞过我，我觉得她人挺好的 | 从来不点名，讲得也不错,data-3,1
548,徐加根,老教授了，老师人很好，上过他的行为金融，给分高。 | 老教授了，老师人很好，上过他的行为金融，给分高。 | 认真完成作业分还挺高的，事情也少，期末考试也简单,"data-2, data-3",2
549,徐加根/李志生,老教授了，老师人很好，上过他的行为金融，给分高。 | 老教授了，老师人很好，上过他的行为金融，给分高。 | 徐老师说李志生老师可能就只上1.2次课,"data-2, data-3",2
550,徐华,上过老师的课 老师人很好 | 上过老师的课 老师人很好,"data-2, data-3",2
551,徐召清,,,0
552,徐天然,特别温柔的老师 | 特别温柔的老师,"data-2, data-3",2
553,徐姗/王玉梅,徐老师平时分给的不错的，认真完成作业的话没问题 | 徐老师平时分给的不错的，认真完成作业的话没问题,"data-2, data-3",2
554,徐姗/谢梦影/付嵘,,,0
555,徐宏玲,,,0
556,徐小淇,老师特别好！平时分超高,data-3,1
557,徐彤,,,0
558,徐彩慧,挺好的，人也温柔,data-1,1
559,徐彩慧/杜文,非常好 | 老师人很好，给分也不错,data-1,1
560,徐志向/盖凯程,,,0
561,徐慊,,,0
562,徐扬帆,,,0
563,徐扬帆/蔡晓陈/高云舒,,,0
564,徐承红,放心选 老师人特别好 讲课也很有趣,data-1,1
565,徐敏,,,0
566,徐文杰,好人,data-1,1
567,徐文杰/何龙韬,,,0
568,徐晓炜,,,0
569,徐晓炜/廖治学/施思,,,0
570,徐晓炜/廖治学/施思/温俊杰/廖春华,,,0
571,徐果,,,0
572,徐浩然,挺好的，老师给分不错，人也挺好的,data-1,1
573,徐淼,请假很严，固定位置，随机分组，小组作业巨多 | 请假很严，固定位置，随机分组，小组作业巨多 | 但是给分高啊，虽然每节课都要签到 | 狠狠壁垒大职规徐淼，事多分超低,"data-2, data-3",2
574,徐秋华,,,0
575,徐舒,给拔尖班开的小班专业课，据说比较考验自学能力，期末不参加全校统考他自己出卷，慎选 | 给拔尖班开的小班专业课，据说比较考验自学能力，期末不参加全校统考他自己出卷，慎选 | 徐舒大牛，你有福了,"data-2, data-3",2
576,徐艳艳,,,0
577,徐若冉,,,0
578,徐若冉/陈彪,cb人很好，那门课是非标考试，我期末论文88平时分90，中规中矩的样子。就是小组pre和论文好好做应该还会高一点点，但是这种形式的一般不会太高到9896那种？ | cb人很好，那门课是非标考试，我期末论文88平时分90，中规中矩的样子。就是小组pre和论文好好做应该还会高一点点，但是这种形式的一般不会太高到9896那种？,"data-2, data-3",2
579,徐赟,,,0
580,徐跃辉,很好！ | 很好！ | 平时分要看你们组的实践报告，到时候会评奖。获奖了就高,"data-2, data-3",2
581,徐险峰,,,0
582,徐雅静,,,0
583,忽诗佳/廖汪洋,,,0
584,成青,事情不多，主要是考核，作业少，好像所有的课程有一个统一的期中小考，但是听老师讲考试会很简单的，不用担心 | 事情不多，主要是考核，作业少，好像所有的课程有一个统一的期中小考，但是听老师讲考试会很简单的，不用担心,"data-2, data-3",2
585,成青/梁巧,梁巧小姐姐人超级超级好的 | 梁巧小姐姐人超级超级好的,"data-2, data-3",2
586,戚悦,,,0
587,戴岱,,,0
588,戴明伟,人不错，课不行（程序设计）,data-1,1
589,戴明伟/陈雪蓉,,,0
590,戴欣欣,人很好，考试给很多次机会,data-1,1
591,戴治勇,,,0
592,戴波,,,0
593,戴泽伟,dzw讲得很好！我感觉听他讲课特别清楚，真的能学到东西，而且把会计的基础搞好 | dzw讲得很好！我感觉听他讲课特别清楚，真的能学到东西，而且把会计的基础搞好 | dzw其实平时分给分不太明确（虽然大致说了怎么给，但是感觉执行的不是很明确），但他教得很不错 | 戴泽伟上课会讲很多拓展，然后讲的也很细，个人感觉如果是都能认真听下来是非常有用的 | 讲课讲得好！很负责！,"data-2, data-3",2
594,戴泽伟/金智,,,0
595,戴琳琳/戴明伟,,,0
596,戴琳琳/陈雪蓉,戴老师可以的，上过她教的r语言，人很好的 | 戴老师可以的，上过她教的r语言，人很好的,"data-2, data-3",2
597,戴艳萍,巨巨巨巨巨好 讲的好特别好（刚开始第一节课以为她会特别严格 但是后面发现她就是第一节课吓吓我们 还有说什么两次小测七次作业都要记入平时分 这些只要一步步跟着她就完全不用担心 国庆想提前走跟她说的时候她还笑着说好的去吧去吧注意安全） | 巨巨巨巨巨好 讲的好特别好（刚开始第一节课以为她会特别严格 但是后面发现她就是第一节课吓吓我们 还有说什么两次小测七次作业都要记入平时分 这些只要一步步跟着她就完全不用担心 国庆想提前走跟她说的时候她还笑着说好的去吧去吧注意安全） | 讲的特别好，作业会多一点，有两次测验，但都是选择题十几道的样子，但这些是应该的，货金这门课内容确实不少，老师非常负责非常认真，闭眼冲就完事了 | 讲的还是挺好，我下课问问题比较多，平时测验还行，平时分就还不错，我听其他同学说老师平时分不太高 | 挺负责的老师 给分蛮正常的,"data-2, data-3",2
598,戴薇,戴薇真的好人，讲的好又很细心很温柔，每节课还会发自己整理的笔记和ppt | 推荐戴薇，她是纯干货输出，认真听课，可以学到很多东西， | 戴薇老师的风格就是：很认真，包括讲解板书都很全面细致，认真听作业认真做这门课很简单，平时分构成就是平时作业➕期中考试   她平时作业发在学习通上（作业不难，但我个人觉得她批的有些严了）不知道最后给分怎么样，但是整体来说这个老师很温柔，讲解也很到位。 | 想认真学就戴老师，想水一水就张博 | 戴薇老师简直是天使,data-1,1
599,房秀芬,,,0
600,才让本,上过老师的社会学，讲课很好很有趣，上课喜欢提问，期中期末都是论文，给分很高,data-1,1
601,敖宇,不抽人回答问题 不点名 性格也挺幽默的 | 不抽人回答问题 不点名 性格也挺幽默的 | ay课很水很水，啥都不用干，就有两次十分钟的小测试，我朋友上lq的还有pre啥的 | 快去选吧 美式男孩 很chill,"data-2, data-3",2
602,敖玉兰,,,0
603,敬狄,,,0
604,文书洋,上课一般，就会念PPT,data-1,1
605,文峰,,,0
606,文杰,文杰老师人超好，给分很好，冲冲冲 | 文杰老师人超好，给分很好，冲冲冲,"data-2, data-3",2
607,文海林,,,0
608,文翼平,,,0
609,方从慧,,,0
610,方圆/余莎,,,0
611,方堃,,,0
612,方堃/瞿旭,,,0
613,方威,分低 | 不要运动证明,data-1,1
614,方小书,,,0
615,方敏,,,0
616,方敏/刘伟,,,0
617,方能胜,给分高，讲得挺好的 | 给分高，讲得挺好的 | 还可以，就是课程本身很难，所以考试得上心,"data-2, data-3",2
618,施泓宇,,,0
619,施龙,,,0
620,易家维,,,0
621,易阳,人超好，我当时是平时分拉满 | 人超好，我当时是平时分拉满 | 我巨爱易阳幽默风趣教的又好 | 上过易阳老师的会计学，人超级好,"data-2, data-3",2
622,景鹏/周魅,,,0
623,曹伟/董青马,,,0
624,曹冬梅,曹冬梅老师人很好，备考也很好，胡务老师不清楚 | 曹冬梅老师人很好，备考也很好，胡务老师不清楚,"data-2, data-3",2
625,曹昱,,,0
626,曹林,刚上完 讲得飞快 | 刚上完 讲得飞快,"data-2, data-3",2
627,曹栢川,,,0
628,曹锦薇,,,0
629,曾之光,,,0
630,曾婷,,,0
631,曾嵘,zr！！他人好好！上课也很有意思！ | 曾嵘的平时分是在85的基础上+你半期得分十位数字-没做作业-缺勤（但没有点过名），也就是说半期100最多也才95，你99只有两种情况，期末差了被捞起来和期末太好在90以上 | 特别好！平时分高，重点教得很清晰而且分也高 | zr！！他人好好！上课也很有意思！ | 曾嵘的平时分是在85的基础上+你半期得分十位数字-没做作业-缺勤（但没有点过名），也就是说半期100最多也才95，你99只有两种情况，期末差了被捞起来和期末太好在90以上 | 特别好！平时分高，重点教得很清晰而且分也高,"data-3, data-1",2
632,曾志远,讲得很好就是喜欢吹牛，平时期末46开，要点到，平时成绩是根据三次作业的成绩算的 | 讲得很好就是喜欢吹牛，平时期末46开，要点到，平时成绩是根据三次作业的成绩算的 | 中宏给分很高很好，我论文稀烂也给我八十几 | 别管什么给分事多不多，能选上就不错了 | 喜欢他讲课（个人观点），但是很多人夸他讲的好,"data-2, data-3",2
633,曾昌礼,,,0
634,曾月,,,0
635,曾珍,,,0
636,曾琪,,,0
637,曾长军,,,0
638,朱一强,,,0
639,朱一强/徐彩慧,,,0
640,朱光伟,人好，我觉得学的难但是考核很简单 | 人好，我觉得学的难但是考核很简单,"data-2, data-3",2
641,朱兢/谢庆红,,,0
642,朱可涵,,,0
643,朱哲良,,,0
644,朱悦蘅,,,0
645,朱敏,老师很有趣，课堂很好玩，要是图分数高，逻辑不好学，比较适合感兴趣的同学。 | 老师很有趣，课堂很好玩，要是图分数高，逻辑不好学，比较适合感兴趣的同学。 | 两极分化比较严重，高的95，98都可，低的就不知道了,"data-2, data-3",2
646,朱敏/付敏,,,0
647,朱敏/刘越,刘越挺好的 人很和善 | 刘越挺好的 人很和善,"data-2, data-3",2
648,朱文婷/付晓蓉,,,0
649,朱文婷/陈鑫,,,0
650,朱文莉,,,0
651,朱杰/王雨祥,,,0
652,朱波,金融风险管理还好吧，主播就是讲话听不清楚，会删减ppt，随机摇号收作业外，会在群里踢人，会全员禁言，其他也没啥 | 金融风险管理还好吧，主播就是讲话听不清楚，会删减ppt，随机摇号收作业外，会在群里踢人，会全员禁言，其他也没啥 | 从来不点名，一百多人只来三四十个都不点名 | 我上的是他的投资学，老师教课不错，但是有一点严。,"data-2, data-3",2
653,朱爱勇,给分可以 | 给分可以,"data-2, data-3",2
654,朱琨,,,0
655,朱章耀,给分还行，但讲课逻辑不太行，几乎都得靠自己整理,data-1,1
656,朱章耀/周长运,,,0
657,朱胜坤,,,0
658,朱胜坤/孟开文,偶尔点名 | 很公正， | 很公正，他会跟大家讲清楚什么成绩占比多少，题不会太难，有原题出现。除成绩以外的部分也不低，反正我最后平时分比小测综合下来的高一点，还可以哦，我觉得不用太担心，好好学就行了,data-1,1
659,朱衡,,,0
660,朱雨可/毛中根,,,0
661,朱韵伊,,,0
662,朱韵伊/王彬宇,,,0
663,李丁,,,0
664,李世佳,,,0
665,李世界,,,0
666,李丹,,,0
667,李丽莎,给分超高，老师教的也很好。 | 给分超高，老师教的也很好。,"data-2, data-3",2
668,李书睿,比较严 | 考核会有一点，但教得真的很好！,data-1,1
669,李亮/江衍妙,,,0
670,李伊,平时分一般，一定挑战性,data-1,1
671,李伟,很好的一个老师，上课例题会讲好几遍，这课很容易听懂 | 很好的一个老师，上课例题会讲好几遍，这课很容易听懂,"data-3, data-1",2
672,李俭富,李俭富的课纯自学（不是），但是老师人挺好挺亲切的 | 李俭富的课纯自学（不是），但是老师人挺好挺亲切的 | 李俭富讲课很难评，基本靠自学，但是平时分给我还蛮高的,"data-2, data-3",2
673,李元哲,,,0
674,李先春,认真听课每节课都跟着做的话分很高，我那次总评98分 | 认真听课每节课都跟着做的话分很高，我那次总评98分 | 推荐，都是负数了,"data-2, data-3",2
675,李先春/艾进,市场营销大赛评委,data-1,1
676,李凤,lf，平时分给满分，事也不多就一两个作业 | lf，平时分给满分，事也不多就一两个作业 | 我特别喜欢她上课风格，平时分给了我100 老师也很有气质 推荐！ | 老师人挺好的，人美心善,"data-2, data-3",2
677,李凤英,给分很ok，平时分甚至会打满 | 给分很ok，平时分甚至会打满,"data-2, data-1",2
678,李剑奇,,,0
679,李力/吴君凤,,,0
680,李力/王佳/杜艳,,,0
681,李双玲,,,0
682,李双龙,,,0
683,李双龙/刘文月,,,0
684,李双龙/王祥,,,0
685,李可,讲清楚了，最基本的，我以为你们学了。老师水平高,data-1,1
686,李可/黄雁勇,,,0
687,李国斌,老师超好，选到就是赚到 | 老师超好，选到就是赚到,"data-2, data-3",2
688,李坤,,,0
689,李娇阳/何杰,,,0
690,李娜,,,0
691,李娜/文峰/高跃光,,,0
692,李娟,,,0
693,李娟/邓兴华/杨娜,,,0
694,李子燃,,,0
695,李孟珂,,,0
696,李小帆,,,0
697,李少鹏,老师人不错，但是小组pre很多 | 老师人不错，但是小组pre很多 | 事多，上课用英文PPT，讲课中英混杂，小组作业是要求每个组都要讲课，我上了一节课退课了,"data-2, data-3",2
698,李峰,给分很高，平常从他发的文献包挑一篇汇报一下，期末交个开题报告类似的，给分很高每周抽人作报告，组队写文献综述，最后交一个正规的开题报告 | 给分很高，平常从他发的文献包挑一篇汇报一下，期末交个开题报告类似的，给分很高每周抽人作报告，组队写文献综述，最后交一个正规的开题报告 | 给分很高，平常从他发的文献包挑一篇汇报一下，期末交个开题报告类似的，给分很高每周抽人作报告，组队写文献综述，最后交一个正规的开题报告,"data-2, data-3",2
699,李幸,老师很温柔给分也很不错 | 老师很温柔给分也很不错 | 老师人很好的，事也不多，我们组排名倒数也有九十一二 | 我上过她的管理学原理 特别温柔有趣的老师,"data-2, data-3",2
700,李幸/何杰,,,0
701,李庆,,,0
702,李应红,,,0
703,李建军,,,0
704,李建梅,,,0
705,李彼蔚,,,0
706,李志勇,,,0
707,李志勇/张兴敏,,,0
708,李忠俊,事多 | 事多,"data-2, data-3",2
709,李忠俊/帅青红,,,0
710,李忠俊/杨茜/熊杰,对数学要求高,data-1,1
711,李忠俊/赵中平,,,0
712,李思雨,,,0
713,李怡,,,0
714,李怡乐,,,0
715,李拓航,老师可好了，根本不点 | 老师可好了，根本不点,"data-2, data-3",2
716,李振贤/汤火箭,,,0
717,李文,,,0
718,李文勇,,,0
719,李新涛,,,0
720,李昕怡,上过她的大职规，挺好的 | 上过她的大职规，挺好的,"data-3, data-1",2
721,李昕怡/缪丹,,,0
722,李星霓,,,0
723,李映东,,,0
724,李春晖,,,0
725,李春梅,,,0
726,李春梅/刘杨/黄世坤/高卫民/刘君涵/王翔宇/段江波/郭岩伟,跑低，比我考试高一分,data-1,1
727,李晨晨,,,0
728,李朝容,我上的综英3，不是这个阅读课。当时就是会要求回答问题算平时，有单元测啥的。但是存疑哈，我平均两周回答一次问题，单元测考的也不烂，不知道为啥平时给的很差 | 李老师温柔的大美女，选她选她选她，事少分高 | 我上的综英3，不是这个阅读课。当时就是会要求回答问题算平时，有单元测啥的。但是存疑哈，我平均两周回答一次问题，单元测考的也不烂，不知道为啥平时给的很差 | 李老师温柔的大美女，选她选她选她，事少分高,"data-3, data-1",2
729,李朝霞,,,0
730,李权财,人很好给分也不错,data-1,1
731,李标,,,0
732,李栋辉,,,0
733,李桦林,,,0
734,李桦林/Lee Dongwoo,,,0
735,李楠,,,0
736,李楠/郑敏思,没有作业，事少，不点名，你要是上课不听的话会很轻松。不过你要是听课的话会发现他讲的和考试内容完全不一样,data-1,1
737,李楠/黄若璇,,,0
738,李正扬,,,0
739,李毅,他是真的完全不捞 | 他是真的完全不捞,"data-2, data-3",2
740,李永豪,,,0
741,李沛泽,真的超级好   平时分满了 总评95以上 推荐推荐 | 真的超级好   平时分满了 总评95以上 推荐推荐 | 美术鉴赏我和朋友都是90+，然后就给大家推荐了。其实89感觉也算正常？momo选的另外两门公选全勤也是一门89，一门8 | 我朋友选的 还可以呢 90➕ 考核也比较轻松，给分完全不用担心,"data-2, data-3",2
742,李沛泽/任虹,李老师真的超级好   平时分满了 总评95以上，给分完全不用担心 推荐推荐 | 李老师真的超级好   平时分满了 总评95以上，给分完全不用担心 推荐推荐 | 任老师人巨好,"data-2, data-3",2
743,李治,,,0
744,李洁,上过她的投资学讲的一般，给分一般 | 上了李洁投资学 还可以 | 上过她的投资学讲的一般，给分一般 | 上了李洁投资学 还可以,"data-3, data-1",2
745,李洪,,,0
746,李浩/徐跃辉,,,0
747,李海宾,,,0
748,李海宾/杨长虹,,,0
749,李海燕,,,0
750,李涛,,,0
751,李涵,,,0
752,李清政,,,0
753,李清涛/李艳,,,0
754,李游,,,0
755,李玉军,,,0
756,李玉蓉,李玉蓉讲的超级好 期末是小组项目作业 上课一般只提问比较活跃的学生 | 李玉蓉讲的超级好 期末是小组项目作业 上课一般只提问比较活跃的学生 | 感觉还行 机考40% 作业20% 3-4人pre40%，刚上完杨老师的课 语速很快 没提问 | 避雷数据库lyr，我只能说是，李奶奶的自学课堂,"data-2, data-3",2
757,李琳,挺好的,data-1,1
758,李瑞,,,0
759,李瑾坤,,,0
760,李砚颖,特别好，事少分高 | 特别好，事少分高 | 巨好无比,"data-2, data-3",2
761,李绍文,,,0
762,李艳,形策随便选老师啦，一学期就上四节，每节课一篇小论文，期末也没考试 | 形策随便选老师啦，一学期就上四节，每节课一篇小论文，期末也没考试,"data-2, data-3",2
763,李芳慧,老师人挺好的，平时分给很高 | 老师人挺好的，平时分给很高 | 给分蛮高的，平时事少，不过我上的是她的中宏,"data-2, data-3",2
764,李莹芳,人好分高 | 人好分高,"data-2, data-3",2
765,李蔓,lm老师，不点名，给分挺好的，考核写论文 | lm老师，不点名，给分挺好的，考核写论文,"data-2, data-3",2
766,李谭,李谭老师人挺好，会捞人（不缺勤平时作业认真做，偶尔回答问题，平时分95＋）。期末分占比比较高，平时要自己多练习，不然期末很痛苦，根本补不完 | 李谭老师人挺好，会捞人（不缺勤平时作业认真做，偶尔回答问题，平时分95＋）。期末分占比比较高，平时要自己多练习，不然期末很痛苦，根本补不完,"data-2, data-3",2
767,李贺,李贺超级牛 | 李贺超级牛 | 上课很和蔼，很好,"data-2, data-3",2
768,李起铨,,,0
769,李超,超哥可太好了，理想的高校教职生活状态 | 超哥可太好了，理想的高校教职生活状态 | 我超爱他！他的财政学真的讲的特别容易理解,"data-2, data-3",2
770,李越冬,,,0
771,李鑫,据说是今年新来的老师来着,data-3,1
772,李铸,还可以 | 真心想提高同学们体育水平，很好，不会为难,data-1,1
773,李锦旭,,,0
774,李长青,,,0
775,李雨浓,挺不错的！！ | 挺不错的！！,"data-2, data-3",2
776,李雨浓/姚星,,,0
777,李雪,,,0
778,李雪峰,,,0
779,李雪莲,她挺好的，但是平时分占比很大 | 感觉讲得一般，但国经总体上不难，分数不错的 | 我觉得她上课上的很好哇 条理特别清晰 | 世界经济吗，考试挺简单，但是第一次遇到平时分比考试分还低的情况 | 她挺好的，但是平时分占比很大,"data-2, data-1",2
780,李雪莲/吴晓东/高云舒,,,0
781,李雷,最有趣，负责 | 超级喜欢这个老师的课 | 结课早,data-1,1
782,李静,,,0
783,李顺鑫,,,0
784,李风易,,,0
785,李龙,老师人特别好，就是作业是编舞跳舞，对不会跳舞的人来说可能会有点煎熬，但不过没关系，可以划水 | 刚开始的一两节课对社恐人士是有点不太友好哈哈哈哈哈哈，老师会随机抽问一些问题然后让自我介绍啥的，不过后面的课就纯跳舞了，不用社交了。 | 我们这学期就上的这个，就是编现代舞三分钟，三次汇报和一次期末汇报。第一次一分钟，第二次两分钟，第三次三分钟，最后期末再跳一遍。对于不太会跳舞的人就是很麻烦。李龙老师挺好的，人帅 假好请 | 如果有舞蹈基础的话李龙老师挺好的 就是期末考核要编3分钟的舞然后跳出来就行了,data-3,1
786,李龙/李楠,李楠他是一个很认真的人，只要你认真对待就行了 | 李楠他是一个很认真的人，只要你认真对待就行了 | 李楠会尽量让你不挂科，但不会让你本来的分变得高，他考试前应该就会给你平时成绩，只要你没有挂科风险，他就不会帮你调高。,"data-2, data-3",2
787,杜娟,给分一般 | 上课体验不错,data-1,1
788,杜孝军,,,0
789,杜彬彬,,,0
790,杜文,老师人很好，给分也不错,data-1,1
791,杜文斌,给分超好 | 给分超级好，大好人！ | 96，杜老师yyds,data-1,1
792,杜艳,类似于投资导论，不考试，有2-3次pre，期末教一篇商业计划书， | 类似于投资导论，不考试，有2-3次pre，期末教一篇商业计划书，,"data-2, data-3",2
793,杜艳/王佳/陈霄,,,0
794,杜芳,温柔人好给分高 | 温柔人好给分高 | 挺好的，平时没有作业 | 期末会有签到，记得不要旷,"data-2, data-3",2
795,杜茜茜,,,0
796,杜蕾,老师人很好 给分不错 | 老师人很好 给分不错 | 老师人很好，但给分一般，学理论知识 | 考核是平时作业小组作业和期末论文 好像是平时期末各百分之五十,"data-2, data-3",2
797,杜颖,,,0
798,杨亮,总评八十出头 | 总评八十出头,"data-2, data-3",2
799,杨付,,,0
800,杨佳,,,0
801,杨倩,,,0
802,杨兴林,非常好，上课不点到，作业比较少且都有答案，期末也简单 | 非常好，上课不点到，作业比较少且都有答案，期末也简单,"data-2, data-3",2
803,杨军华,杨老师对个人素质要求挺高，你要做好上课随时被抽回答问题的准备，平时作业是写作文还有阅读理解，定期考听力，2次quiz，但是她讲得很好，期末考试是写作加句子排序 | 杨老师对个人素质要求挺高，你要做好上课随时被抽回答问题的准备，平时作业是写作文还有阅读理解，定期考听力，2次quiz，但是她讲得很好，期末考试是写作加句子排序 | 杨军华老师上课提问是开火车的，看看你能不能接受，但是期末考试是写一篇文章，挺简单的 | 避雷，对比别的英语课程，yjh给的分数很低，平时事情多，上课喜欢开火车抽问 | 会cue的多一些而且上课抽人回答挺频繁的。感觉课程要求高……适合基础好的,"data-2, data-3",2
804,杨凌峰,,,0
805,杨利,,,0
806,杨勇剑,,,0
807,杨大友,老师特别好 | 老师特别好,"data-2, data-3",2
808,杨奇才/徐跃辉,,,0
809,杨奕楠,,,0
810,杨娜,给分好好 | 给分好好,"data-2, data-3",2
811,杨宇哲,不错的，就是作业最好不要全篇ai，他看得出来 | 不错的，就是作业最好不要全篇ai，他看得出来,"data-2, data-3",2
812,杨宇哲/初晨,,,0
813,杨宇哲/王隆庆,,,0
814,杨宇哲/秦怡,,,0
815,杨小涵,,,0
816,杨小涵/杨霜,,,0
817,杨山田,,,0
818,杨岚,老师的计量讲的特别好！我很喜欢 | 老师的计量讲的特别好！我很喜欢,"data-2, data-3",2
819,杨帆,为什么没人选杨帆老师的人口大国呢，我感觉老师人很好，课讲的也很有意思，好像是硕士专业人口学的老师。我当时是期末论文结课，无pre无小组，中期写一个小报告，期末在中期的基础上再续写就行 | 为什么没人选杨帆老师的人口大国呢，我感觉老师人很好，课讲的也很有意思，好像是硕士专业人口学的老师。我当时是期末论文结课，无pre无小组，中期写一个小报告，期末在中期的基础上再续写就行,"data-2, data-3",2
820,杨帆/郑良秀,老师人很好，课讲的很有意思 | 人真的很好 | 给分90多,data-1,1
821,杨延延,,,0
822,杨彪,,,0
823,杨御龙,,,0
824,杨慧玲,我觉得这个老师还好，认真做作业，中期考试好好准备，平时分挺高的 | 我觉得这个老师还好，认真做作业，中期考试好好准备，平时分挺高的 | 中规中矩吧，我觉得教的还不错，宏经也没有微经难，自己看书理解也是可以的,"data-2, data-3",2
825,杨扬,蛮好的！平时分挺高 有人格魅力 | 蛮好的！平时分挺高 有人格魅力 | 他表面上说的很那个Ľ实际操作可水了，一直说要考但是又说要拉进度不考了，然后上完所有的才考了一下还大部分作业题Ľ而且当时还允许我们翻书 | 杨扬老师是这样的，我的概率论超人，事少分高平时分上学期给我拉到了100，我真的很爱 | 概率论老师！人好给分高！把我捞活了,"data-2, data-3",2
826,杨挺,,,0
827,杨文昇,杨文昇老师人很温柔讲得蛮全面的，但是节奏很快，很看个人学习能力 | yws不点名，平时作业也要求期末考试前完成，人还是很温柔很幽默的，但是讲课很快 | 上过杨文昇老师的课，讲的一般有一说一 | 杨文昇老师人很温柔讲得蛮全面的，但是节奏很快，很看个人学习能力 | 杨文昇老师人很温柔讲得蛮全面的，但是节奏很快，很看个人学习能力 | yws不点名，平时作业也要求期末考试前完成，人还是很温柔很幽默的，但是讲课很快 | 上过杨文昇老师的课，讲的一般有一说一,"data-2, data-3, data-1",3
828,杨文瑨,,,0
829,杨斐滟,,,0
830,杨斐滟/荣幸,荣幸很好 | 荣幸很好,"data-2, data-3",2
831,杨新,,,0
832,杨楹,,,0
833,杨楹/唐晓勇/吴玉平/邓育苗,挺好的吧 平时分90➕,data-1,1
834,杨海洋,,,0
835,杨海涛,,,0
836,杨海涛/周葵,,,0
837,杨淑仪,喜怒无常 | 游泳要求很严很严,data-1,1
838,杨烨,,,0
839,杨瑶,,,0
840,杨瑶/王保,,,0
841,杨璐,,,0
842,杨石磊,,,0
843,杨磊,杨磊的课很水 人也好 但是分一般 | 杨磊老师超级好，上课很轻松很有意思 | 量化很严格，没有任何缺勤/漏交作业，85总评，想上高分本身英语写作就好没问题 | 杨磊的课很水 人也好 但是分一般 | 杨磊老师超级好，上课很轻松很有意思 | 量化很严格，没有任何缺勤/漏交作业，85总评，想上高分本身英语写作就好没问题,"data-3, data-1",2
844,杨秋宇,,,0
845,杨秋宇/缪若冰,,,0
846,杨维,你要是考得好，4.5起步 | 你要是考得好，4.5起步,"data-2, data-3",2
847,杨自营,作业少给分高，没有小组展示呢 平时就是考勤作业小测 | 作业少给分高，没有小组展示呢 平时就是考勤作业小测 | 学过杨自营老师的货金，老师很好,"data-2, data-3",2
848,杨良松,挺好的，他上课就是自己讲自己的，反正这门课是写论文，不听也行，但是要到教室，因为他爱点名 | 挺好的，他上课就是自己讲自己的，反正这门课是写论文，不听也行，但是要到教室，因为他爱点名 | 因为据说他给分浮动很大¥¥¥我周围有学姐给分就不是很好还是全勤正常上课那种,"data-2, data-3",2
849,杨记军,有幸参加过他课堂作业的pre答辩 简直是一问三不知 | 有幸参加过他课堂作业的pre答辩 简直是一问三不知,"data-2, data-3",2
850,杨进,,,0
851,杨远波,,,0
852,杨长虹,,,0
853,杨雨晴,,,0
854,杨雨红,,,0
855,杨雨豪,,,0
856,杨霜/杨小涵,,,0
857,杨鸣京,但是这个老师不是我们专业安排的，而且好像很抢手…… | 但是这个老师不是我们专业安排的，而且好像很抢手……,"data-2, data-3",2
858,林一丁,真的特别好，平易近人是最大特点，特别喜欢回答问题，尤其是会主动让同学们问问题，从不厌烦，而且根本就不挂人 | 真的特别好，平易近人是最大特点，特别喜欢回答问题，尤其是会主动让同学们问问题，从不厌烦，而且根本就不挂人 | 老师人很好，还会给我们讲保研之类的消息，平时分不会低于期末分，无脑冲！ | 他以前教高数 给分挺好 捞人    在线上问他问题他都会回 | 强烈推荐林一丁老师的复变函数,"data-2, data-3",2
859,林可,,,0
860,林旻雯,,,0
861,林熙,,,0
862,林燕玲,挺好的 老师人也好 | 挺好的 老师人也好,"data-2, data-3",2
863,林珣,,,0
864,林珣/周峰,经常签到，但平时分不算低 | 经常签到，但平时分不算低,"data-2, data-1",2
865,林红霞,林红霞非常好！上课积极打分很高！ | 林红霞非常好！上课积极打分很高！,"data-2, data-3",2
866,林红霞/施思,还不错，老师人还可以 | 还不错，老师人还可以,"data-2, data-3",2
867,林茂,4-5次个人作业 3次小组作业（课上花半节课完成） 1次课后小组作业有小组展示。期末是非标考核 开卷，55开 | 4-5次个人作业 3次小组作业（课上花半节课完成） 1次课后小组作业有小组展示。期末是非标考核 开卷，55开,"data-2, data-3",2
868,林谦,挺推荐的，老师讲课巨好，作业和考试比较多，给分挺好的，认真听期末考试不会差 | 挺推荐的，老师讲课巨好，作业和考试比较多，给分挺好的，认真听期末考试不会差 | 林谦高代讲的很好 | 林谦老师讲的挺有条理的，而且她的板书巨好，她是用雨课堂上课的，还可以看回放，不过她有平时考试，一学期三次左右，算平时分,"data-2, data-3",2
869,林谦/樊胜/祝书强,人很好,data-1,1
870,林锐,,,0
871,林靖,给分蛮高,data-1,1
872,林飞,,,0
873,查宇,,,0
874,查少刚,抛开上课规矩不谈（不能迟到，点名不能不到，点你回答问题不能不知道问的啥 否则有一个打一个❌ 打够 3 个就直接记挂科了 虽然我们这学期他好像没给人打过❌  每节课都会随机点很多人回答问题 上课有点胆战心惊 梦回高中）讲课挺有意思的   会讲一些人的真实例子  保研相关的内容 职场情商方面的内容  老师讲课不是按照课本中规中矩讲 而是按他自己的节奏来 讲一些抽象的东西的时候会给我们分享一些野史 很有意思 像听故事一样 我感觉他是挺有人格魅力的一个老师 | 事少，但每节课都会有大面积提问，给分还行，上课喜欢讲故事谈人生，还挺有趣， | 没请过假，但考勤很严格，讲课很有意思，平时分也很高 | 跑 喜欢点人 给平时分低,data-3,1
875,柳春,素，这个老师人真的很好 | 柳春老师给人的感觉是比我还像大学生 | 确实是个好老师。很负责，对同学们也很好，之前还给大家看他收藏的书，什么清明上河图这些 | 真的很喜欢他， 而且他人真的好好,data-1,1
876,柳涯妮,平时分给了我100，很好水，期末申论，期中有一个演讲，五分钟 | 平时分给了我100，很好水，期末申论，期中有一个演讲，五分钟 | 因人而异，老师看脸熟的话给分高一点，我每回都上课，平时分给了七十 | 据说要表现认真，然后多在他面前刷脸，不然平时分就，，，多少沾点 | 避雷，平时分很低，70+，每次都课都去了,"data-2, data-3",2
877,柳雨杉,,,0
878,栾梦娜,不点名 | 不点名,"data-2, data-3",2
879,栾炳江,,,0
880,桑元琦,,,0
881,梁之磊,,,0
882,梁倩,我觉得特别好 三次小组pre但是i人可以承担幕后工作 上课特别轻松 期末论文 | 我觉得特别好 三次小组pre但是i人可以承担幕后工作 上课特别轻松 期末论文 | 上课比较轻松，给分一般，上课回答问题自然分高，因为没什么作业，平时要靠pre和回答问题来区分，什么都不干就想拿高分的肯定不可能 | 人很随性，而且很好说话，不强行要求回答问题 | 事多 期末是论文,"data-2, data-3",2
883,梁巧,,,0
884,梁巧/刘耀午,狠狠避雷刘耀午，讲的一坨还临时加期末考试 最后给分巨离谱 快跑！ | 狠狠避雷刘耀午，讲的一坨还临时加期末考试 最后给分巨离谱 快跑！,"data-2, data-3",2
885,梁心见,,,0
886,梁志杰,,,0
887,梁浩,讲的好，会捞人，平时分是根据小测成绩打的 | 讲的好，会捞人，平时分是根据小测成绩打的 | 我觉得挺好的，我考试很一般，作业都按时完成了，平时分90多，期末感觉很正常的给分，及格边上的狠狠捞了一波。对了，她上课不抽人回答问题。 | 这学期上他的高数，给分还不知道，事少，不点名不抽问，都不关心你来不来,"data-2, data-3",2
888,梁继红,很不错，不过别迟到,data-3,1
889,梁鑫,,,0
890,梅少环,,,0
891,楚天舒,,,0
892,樊胜,,,0
893,樊胜/马捷,,,0
894,欧阳勇,老师讲得很好 但是有点严格 | 老师讲得挺好的，但是有个课前随机提问有点吓人，看自己选择了 | 超级好！讲的很不错 作业按时完成平时分都不会低！,data-3,1
895,欧阳小草,,,0
896,欧阳小草/杨新,,,0
897,步丹璐,老师比较严格哈哈，爱抽人回答问题 | 老师比较严格哈哈，爱抽人回答问题 | 个人觉得比较一般,"data-2, data-3",2
898,段易,要保持不缺勤，因为课上每次都会按花名册顺序抽问，而且期末非常简单，最后总评保证你满意 | 我觉得还可以！！认真学一定没问题的 就是她每节课基本上会按名单把每个同学点一遍 不过都是很简单的问题 一般是读句子或单词 都是讲过很多遍的 | 要保持不缺勤，因为课上每次都会按花名册顺序抽问，而且期末非常简单，最后总评保证你满意 | 我觉得还可以！！认真学一定没问题的 就是她每节课基本上会按名单把每个同学点一遍 不过都是很简单的问题 一般是读句子或单词 都是讲过很多遍的,"data-3, data-1",2
899,段江波,,,0
900,殷崔红,,,0
901,毛奕欢,,,0
902,毛快,,,0
903,毛快/刘文,刘老师平时分打的还算高，上课节奏可能有点快，可能在摸索教学方式，毕竟是新来的老师 | 刘老师平时分打的还算高，上课节奏可能有点快，可能在摸索教学方式，毕竟是新来的老师,"data-2, data-3",2
904,毛思程,,,0
905,毛思程/王保,,,0
906,毛艳,上课就是做瑜伽体式 没有很累 老师挺好的,data-1,1
907,毛谢恩,分还可以，老师不严 | 分还可以，老师不严,"data-2, data-3",2
908,毛谢恩/穆滢潭/史珈铭/胡秋明,毛老师分还可以。 | 毛老师分还可以。,"data-2, data-3",2
909,江俊佑/何雅兴,,,0
910,江娜,,,0
911,江涛,,,0
912,江龙,喜欢喜欢！！！江龙老师我的神！ | 喜欢喜欢！！！江龙老师我的神！,"data-2, data-3",2
913,汤自新,,,0
914,汪勇,,,0
915,汪小平,,,0
916,汪希成,,,0
917,汪平,,,0
918,汪蕾,还行，有平时作业，期末没有考试 | 还行，有平时作业，期末没有考试 | 一个小组作业 期末论文 平时上课用小测替代考勤 但是交了就给满分,"data-2, data-3",2
919,汪蕾/鲁篱,,,0
920,沈旻宇/肖辉/张大鹏/何季刚,,,0
921,沈涛,,,0
922,沈金叶/杨文昇,,,0
923,洪正/肖锐,"yyds,事少分高",data-1,1
924,涂国前,给分好 | 给分好,"data-2, data-3",2
925,涂宏,,,0
926,涂庆红,,,0
927,温俊杰,,,0
928,温俊杰/张梦,,,0
929,温晓倩,平时分基本上都给满了，有小测 没有小组展示 | 平时分基本上都给满了，有小测 没有小组展示 | 有点平铺直叙的，有点无聊，但很细致,"data-2, data-3",2
930,温良剑,,,0
931,游伟,,,0
932,游孟桥,当时在论坛问没人说这个老师，我选了他的课还很害怕呢，现在看来老师人真的巨巨巨巨好😭😭😭我之前大职规上过他的，很好的老师 | 我之前大职规上过他的，很好的老师 | 形策老师都无所谓，一学期上不了几次课,data-3,1
933,游杰,讲课会差一点 但是期末很能捞 老师人很好 | 讲课会差一点 但是期末很能捞 老师人很好 | 会捞人，捞的挺狠，游杰讲得一般但给分不错,"data-2, data-3",2
934,潘宁,非常喜欢潘老师的课，很好，期中期末两篇论文，好得很 | 非常喜欢潘老师的课，很好，期中期末两篇论文，好得很 | 特别好，事少，给分高，无脑冲。,"data-2, data-3",2
935,潘宁宁,潘老师，平时很严肃但是给分真的很爽快 | 潘老师，平时很严肃但是给分真的很爽快,"data-2, data-3",2
936,潘少杰,,,0
937,潘席龙,,,0
938,潘彦谷,,,0
939,潘志远,,,0
940,潘斌/李楠,,,0
941,潘旭明,老师属于比较和蔼的那种，我们当时论文结课的，应该都有八十多 | 老师属于比较和蔼的那种，我们当时论文结课的，应该都有八十多,"data-2, data-3",2
942,潘梦阳,,,0
943,潘鹰,,,0
944,熊云军/杨维琼,,,0
945,熊佳娟,,,0
946,熊希灵,挺不错的老师，无签到，给分好 | 挺不错的老师，无签到，给分好,"data-2, data-3",2
947,熊立,,,0
948,熊谋林,,,0
949,熊霁,,,0
950,牛丽莉,有课堂作业,data-1,1
951,牛子龙,非常负责，就是讲课有点抽象 | 非常负责，就是讲课有点抽象,"data-2, data-3",2
952,牛晓晶,,,0
953,牛耕,,,0
954,牟方志,,,0
955,牟涛,,,0
956,特拉华临时教师1,,,0
957,王东凯,,,0
958,王乐,,,0
959,王云,,,0
960,王伊琳,,,0
961,王伊琳/吕敏,给分90+ | 老师教的挺好,data-1,1
962,王伊琳/孙蓉,王人好，给分高，课堂也比较有趣 | 王人好，给分高，课堂也比较有趣 | 王强推，平时可能有慕课，期末开卷，老师人巨好,"data-2, data-3",2
963,王伊琳/王瑾/潘雪梅,,,0
964,王伊琳/荣幸,王老师强推，平时可能有慕课，期末开卷，老师人巨好 | 王老师强推，平时可能有慕课，期末开卷，老师人巨好 | 王老师人很好，讲也讲得不错，平时分可能会有一个课堂回答问题的要求，我们的那一堂课是这样的。,"data-2, data-3",2
965,王伊琳/谭敏/党婉平/魏歆七,,,0
966,王伦刚/章群,,,0
967,王佳,老师人很好 全靠自己学 | 老师人很好 全靠自己学,"data-2, data-3",2
968,王佳欣,,,0
969,王佳芥,,,0
970,王俊,,,0
971,王保,真的超有耐心超级温柔特别有人格魅力对学生都一视同仁 | 真的超有耐心超级温柔特别有人格魅力对学生都一视同仁 | 对所有人都一视同仁，觉得风气比成绩更重要，鼓励学生积极向上真的很难不爱,"data-2, data-3",2
972,王保/杨瑶,,,0
973,王偞婷,,,0
974,王军,,,0
975,王军/葛浩阳/王卫卿,是的王老师人超好给分也不错👍 | 王军游泳超级好，认真负责教你动作，反正我这学期是在戏水池考的,data-1,1
976,王冠,老师上课一般不看教材 | 老师上课一般不看教材,"data-2, data-3",2
977,王凡,老师人很好 偶尔点名 | 老师人很好 偶尔点名 | 避雷王凡，点名，抽问，事多 | 无聊，事多，但分数很好，还是推荐的,"data-2, data-3",2
978,王刚,,,0
979,王卓,,,0
980,王卓宇,,,0
981,王博,很有趣，专业课很厉害的。前几年国商院的微经都是载曦老师上 | 很有趣，专业课很厉害的。前几年国商院的微经都是载曦老师上 | 王博真的又帅人又好事还不多！！！！！真的冲他！！！！！！！！ | 身边朋友都说王博教得好且给分很高，人也很好,"data-2, data-3",2
982,王博/蒲岳,,,0
983,王卫卿,,,0
984,王君斌,,,0
985,王吟之,,,0
986,王夏杰,会点，但是给分高 | 会点，但是给分高 | 给分很好👍90+  本mo平时上课挺认真,"data-2, data-3",2
987,王天明,机器学习数学基础一定要选王天明老师，吹爆，因为老师讲的好，绩点高，会给你讲作业的思路，例题的推导，很清楚哦，期末只需要看老师讲的例题和作业就行，而且平时分有97，期末考了100分绩点4.9，超高兴 | 机器学习数学基础一定要选王天明老师，吹爆，因为老师讲的好，绩点高，会给你讲作业的思路，例题的推导，很清楚哦，期末只需要看老师讲的例题和作业就行，而且平时分有97，期末考了100分绩点4.9，超高兴 | 人超级好，考试知识点整理的也很详细，从不点名，作业也很简单 | 特别特别好,"data-2, data-3",2
988,王天明/赵建容,,,0
989,王妍,,,0
990,王妍婕,,,0
991,王姗姗,,,0
992,王子奇,我是她这学期课代表，反正人很好也没那么多事,data-1,1
993,王子田/步丹璐,步老师比较严格哈哈，爱抽人回答问题 | 步老师比较严格哈哈，爱抽人回答问题,"data-2, data-3",2
994,王学钊,,,0
995,王宇,,,0
996,王宇皓,,,0
997,王宇皓/李昕怡,lxy可以的 但她有时候会点名，就是记得按时完成她的作业 点名的时候人要在 学习通视频记得弄完 其他的感觉都还好 给分我觉得可以 | lxy可以的 但她有时候会点名，就是记得按时完成她的作业 点名的时候人要在 学习通视频记得弄完 其他的感觉都还好 给分我觉得可以,"data-2, data-3",2
998,王安蕤,,,0
999,王安蕤/杨长虹,,,0
1000,王帝,,,0
1001,王帝/田森/雷震,,,0
1002,王平,,,0
1003,王广杰,,,0
1004,王庆涛,,,0
1005,王建楠,,,0
1006,王开弘,老师很好 | 老师很好,"data-2, data-1",2
1007,王彬宇,,,0
1008,王彬宇/易家维,,,0
1009,王征,回消息挺快,data-1,1
1010,王志/谭洪涛,,,0
1011,王志琛,超级好 | 超级好 | 挺好的，一学期随机点两三次名，上课也不咋管你，回答问题有加分，但不回答平时分也不差，有一次小组pre | 给分不太好，人还行,"data-2, data-3",2
1012,王思懿,,,0
1013,王思涯,,,0
1014,王思涯/王妍,人好,data-1,1
1015,王慧,王慧只是教的不好，人蛮好的 | 王慧只是教的不好，人蛮好的 | 捞，闭眼过 | 教的还好，但人蛮好。,"data-2, data-3",2
1016,王慧/刘坤,,,0
1017,王慧/张博涵,,,0
1018,王戈,,,0
1019,王战涛,,,0
1020,王敏,平时分几乎打满！事少分高！偶尔会点名，如果人来的少就会点 | 平时分几乎打满！事少分高！偶尔会点名，如果人来的少就会点 | 上过她的习思想，老师人不错，给分公正。上课积极回应的话平时分会很高，但是对社恐人士的话可能不太友好，因为有上课参与分,"data-2, data-3",2
1021,王敬,老师讲得很好 | 老师讲得很好,"data-2, data-3",2
1022,王文乾,,,0
1023,王文乾/唐伟,,,0
1024,王新,,,0
1025,王无为/付磊,,,0
1026,王明璐/王茹,,,0
1027,王昱夫,,,0
1028,王显珏,事多 | 事多,"data-2, data-3",2
1029,王显珏/黄健/刘洋/笪亨果,讲的还可以，要求吓人，感觉挺好的啊，就是听起来好像听严格的,data-1,1
1030,王晓全,,,0
1031,王欷燕,,,0
1032,王武,他是新老师，感觉水水的，很无聊，他说要点两次名，期末是论文,data-1,1
1033,王永富,,,0
1034,王泽明,,,0
1035,王浩旻,,,0
1036,王海林,,,0
1037,王涛,,,0
1038,王湛,,,0
1039,王爱伦,,,0
1040,王玉梅,,,0
1041,王玮,挺好的，平时分两学期都是100，不过他对足球和游泳的考试标准挺严格的挺好的，平时分拉满，期末看平时体测,data-1,1
1042,王珏/杨娜/刘园园,,,0
1043,王琛,,,0
1044,王琪,西财最栽种的老师 | 西财最栽种的老师,"data-2, data-3",2
1045,王璐璐,,,0
1046,王璐璐/杨扬,,,0
1047,王磊,,,0
1048,王磊/赵吉林,,,0
1049,王祎,给分比较公正吧，讲的还不错，不过平时任务挺多 | 给分比较公正吧，讲的还不错，不过平时任务挺多,"data-2, data-3",2
1050,王祥,,,0
1051,王福鸿,,,0
1052,王秋豪,,,0
1053,王競一,,,0
1054,王筱阳,,,0
1055,王红雨,,,0
1056,王翔宇,,,0
1057,王翔宇/黄志华/李雨浓,都很好,data-1,1
1058,王耀荣,,,0
1059,王芳,,,0
1060,王英/甘筑夏,,,0
1061,王茹,老师好，分高，但是不水，需要权衡一下精力和时间 | 老师好，分高，但是不水，需要权衡一下精力和时间 | 公共经济政策分析王茹,"data-2, data-3",2
1062,王茹/龚驰原,,,0
1063,王茹/龚驰原/罗宇,,,0
1064,王蓉/杨长虹,做饭好吃,data-1,1
1065,王诗逸,学生反映都很好 | 学生反映都很好 | 给分还不错，论文和pre都好好做能上90,"data-2, data-3",2
1066,王貂,,,0
1067,王远均,事多分还行 | 事多分还行,"data-2, data-3",2
1068,王远均/张芸/黄丽娟/赖虹宇/毛快/李怡,,,0
1069,王鑫/李峰,王老师给分评价比较两极分化 | 王老师给分评价比较两极分化,"data-2, data-3",2
1070,王锐,王老师高数作业留得真多，反正是讲的飞快，我跟不上就转战b大了 | 王老师高数作业留得真多，反正是讲的飞快，我跟不上就转战b大了,"data-2, data-3",2
1071,王长安,王长安老师人真的好好 | 王长安老师人真的好好 | 挺水的我记得，印象里连作业都没 | 平时分高,"data-2, data-3",2
1072,王隆庆,,,0
1073,王隆庆/杨宇哲,,,0
1074,王雨祥,,,0
1075,王雪,王雪老师超级好超级温柔 | 王雪老师超级好超级温柔,"data-2, data-3",2
1076,王雪苓,,,0
1077,王雪菲,,,0
1078,王霄,可以看看王霄老师别的课，给分都很好的 | 翻拍一个影视片段哦，老师给分很好 ！,data-1,1
1079,王霞,,,0
1080,王静/李智,,,0
1081,王韦龙,,,0
1082,王鸣晖,老师挺好，分数的话靠自己努力吧 | 老师挺好，分数的话靠自己努力吧 | 老师教得很好，作业都交的话平时分基本100 | wmh事少挺好的,"data-2, data-3",2
1083,王鹏,,,0
1084,王鹏/王慧/刘坤,,,0
1085,甄洋,新来人老师 | 新来人老师,"data-2, data-3",2
1086,甘元霞,给分很好 | 给分很好,"data-2, data-3",2
1087,甘筑夏,,,0
1088,甘雨,,,0
1089,甘雨/王貂,,,0
1090,甘鸿武,,,0
1091,田世野,,,0
1092,田俊峰,,,0
1093,田晓丽,,,0
1094,田森/石启超,如果是图刷分的话还是不太推荐，这门课还是比较难的，如果有信心学好可以选。我的意思是老师给分真的挺高，尤其是卷面，感觉真的尽力给高分了。 | 如果是图刷分的话还是不太推荐，这门课还是比较难的，如果有信心学好可以选。我的意思是老师给分真的挺高，尤其是卷面，感觉真的尽力给高分了。,"data-2, data-3",2
1095,田正磊,他其他课平时分挺高的。但这门课看你期末考吧，大概率打分跟期末考正相关。 | 他其他课平时分挺高的。但这门课看你期末考吧，大概率打分跟期末考正相关。,"data-2, data-3",2
1096,田海龙,,,0
1097,田省迪,数字跨境金融的田省迪老师有一说一，上课有点无聊，但她给分高，期末也只用交个ppt | 数字跨境金融的田省迪老师有一说一，上课有点无聊，但她给分高，期末也只用交个ppt | 老师还挺好的，给分也不错 | 国际结算不定期点名，能记住学生的脸，别人帮你答到都会被发现上课不知道在讲什么，每次作业都完成了，每次答到都在，给分还巨低,"data-2, data-3",2
1098,田野/章宇,,,0
1099,申宇,,,0
1100,申峰,,,0
1101,申晋弋,,,0
1102,白巧燕,,,0
1103,白晶荧,,,0
1104,白璇,最后五分钟点名 要求把教室前后门都锁了不让进 | 最后五分钟点名 要求把教室前后门都锁了不让进,"data-2, data-3",2
1105,白璇/李永强,,,0
1106,白雪,,,0
1107,盛夏,,,0
1108,盛大林,,,0
1109,盛大林/孙阳,,,0
1110,盛大林/王湛,据说难度超高，不过盛大林老师人很好 | 据说难度超高，不过盛大林老师人很好,"data-2, data-3",2
1111,盛敏,,,0
1112,瞿丽,,,0
1113,祝书强,,,0
1114,祝佳兴,Zjx上课还是比较清爽的，事情不多，比较听劝。平时不怎么点名，点名多是因为一眼就看出好多同学翘课¨ | Zjx上课还是比较清爽的，事情不多，比较听劝。平时不怎么点名，点名多是因为一眼就看出好多同学翘课¨ | 我觉得相较于其他类型思政课的老师，给分他算好的了 | zjx人不错的，给分还不知道，我这学期上的，平时作业有一次通信➕一次小论文,"data-2, data-3",2
1115,秦增强,,,0
1116,秦士坤,秦老师给我们上课感觉很和蔼可亲 | 秦老师给我们上课感觉很和蔼可亲,"data-2, data-3",2
1117,秦士坤/罗宇,,,0
1118,秦志龙,,,0
1119,秦怡,职规的秦怡老师平时事情少，从来不点名，给平时分高！ | 职规的秦怡老师平时事情少，从来不点名，给平时分高！ | 不多 只有一次小组展示 偶尔会提问(一般只找坐最后几排的人回答) 结课有小礼物 给分还不知道,"data-2, data-3",2
1120,秦慧,上过秦惠老师的课 她人蛮好的 | 上过秦惠老师的课 她人蛮好的 | 马克思秦慧老师怎么样,"data-2, data-3",2
1121,秦路,,,0
1122,程文颢,,,0
1123,程树磊,,,0
1124,程欣,给分巨高 | 给分巨高 | 程欣很好，平时分很高，上课也很负责 | 之前上他的课，点名他会提前说,"data-2, data-3",2
1125,程睿,,,0
1126,程红,,,0
1127,程莉娜,,,0
1128,程豹,非常不错 | 非常不错,"data-2, data-3",2
1129,穆丽颖,她是事情比较多，要求比较高，但是给分挺好的 | 她是事情比较多，要求比较高，但是给分挺好的 | 沟通与写作孙莉老师 避雷 | 要干的事超多，然后上课也没水准，给分也没多高。 | 真的大雷，谁踩谁惨,"data-2, data-3",2
1130,穆滢潭,期末不考试 | 期末不考试,"data-2, data-3",2
1131,穆滢潭/臧文斌,,,0
1132,章丽,,,0
1133,童牧,,,0
1134,童璐,给分低 | 给分低,"data-2, data-3",2
1135,笪亨果,上过果子哥的大数据，老师人蛮好的，给分也还可以，不过计量不太清楚，但是我们的大数据分析也是用了很多计量知识，不过比起传统一点的教学来说可能显得经验没那么丰富吧，还有就是会夹杂一点英文名词因为才从美国回来 | 上过果子哥的大数据，老师人蛮好的，给分也还可以，不过计量不太清楚，但是我们的大数据分析也是用了很多计量知识，不过比起传统一点的教学来说可能显得经验没那么丰富吧，还有就是会夹杂一点英文名词因为才从美国回来,"data-2, data-3",2
1136,简家俊,无脑冲，很好,data-1,1
1137,纪小月,95  老师给分超好 | 91，纪老师人挺好的,data-1,1
1138,缪丹,,,0
1139,缪丹/周国波,,,0
1140,缪春池,,,0
1141,缪晨熙,人好，给分好,data-3,1
1142,缪梦茹,,,0
1143,缪若冰,,,0
1144,罗元化,老师很好，他的军事理论蛮有意思 | 老师很好，他的军事理论蛮有意思,"data-2, data-3",2
1145,罗列,,,0
1146,罗宏,罗宏老师很好，讲课有趣，还会发红包 | 罗宏老师很好，讲课有趣，还会发红包 | 罗宏老师！人巨好，分也给的高,"data-2, data-3",2
1147,罗富明,评价好坏参半 不过我觉得挺好的  分也不低 就是上课会提问 | 评价好坏参半 不过我觉得挺好的  分也不低 就是上课会提问 | 很喜欢抽人背书 | 中规中矩，我觉得没那么夸张，正常学交作业不逃课不是很低的 | 会点人回答问题，有课堂作业，期末是论文，老师讲的还不错,"data-2, data-3",2
1148,罗川,,,0
1149,罗斯元,,,0
1150,罗旭斌,,,0
1151,罗旭斌/段江,,,0
1152,罗晓萌/朱兢,,,0
1153,罗晗葳,,,0
1154,罗杰,他真挺好的，上课也会融合知识点给大家讲一些人生经验，还有小礼物 | 他真挺好的，上课也会融合知识点给大家讲一些人生经验，还有小礼物 | 超好,"data-2, data-3",2
1155,罗杰/雷栋良,,,0
1156,罗松涛,,,0
1157,罗洁,,,0
1158,罗燕,,,0
1159,罗牧原,上过罗牧原老师 人很好推荐 不点名 但必须在课堂上写随堂作业 那节课必须在,data-1,1
1160,罗维鹏/汤火箭,,,0
1161,罗荣华,,,0
1162,罗谟诺/周瑞,,,0
1163,翁智刚/李先春,翁老师给分好，无平时作业 有小组 pre    期末论文 800 字 不考勤放养式 | 翁老师给分好，无平时作业 有小组 pre    期末论文 800 字 不考勤放养式,"data-2, data-3",2
1164,翁舟杰/许坤,翁无平时作业 有小组 pre    期末论文 800 字 不考勤放养式 | 翁无平时作业 有小组 pre    期末论文 800 字 不考勤放养式,"data-2, data-3",2
1165,翟立宏,还不错。只有第一周和第九周线下上课，平时都是看网课。期中交一篇课程论文就是了。 | 还不错。只有第一周和第九周线下上课，平时都是看网课。期中交一篇课程论文就是了。 | 念一下ppt，介绍一些基本概念，然后说明课程的上课方式和考核方式,"data-2, data-3",2
1166,翟立宏/朱波/李志勇/李映东/徐雅静,,,0
1167,耿华彦,人漂亮 给分好像也可以 | 人漂亮 给分好像也可以 | 她真的很好啊，上学期她的课都扩容到快150人了 | 人美心善，没上过她的课，但是听过她的大名，可惜当时没抢上,"data-2, data-3",2
1168,聂凤,,,0
1169,肖伟,,,0
1170,肖宇,,,0
1171,肖庆华,听说老师蛮有意思 | 听说老师蛮有意思 | 前半学期不点名，让同学尽量坐固定的位置，凭印象给考勤分。后半学期按小组签到，好好学了期末能给也会尽量给的,"data-2, data-3",2
1172,肖朝文,,,0
1173,肖梦甜,,,0
1174,肖白帆,多回答问题分就会高 给分很公平 | 多回答问题分就会高 给分很公平 | 这个老师需要混脸熟分才高，不然一般就八十多分 | 事略多，人蛮好，喜欢社交和表现的选她课比较合适,"data-2, data-3",2
1175,肖翰,好像是个新老师，应该是今年西财博士毕业的，没带过学生，你可以成为他带的第一届学生 | 好像是个新老师，应该是今年西财博士毕业的，没带过学生，你可以成为他带的第一届学生 | 那必须要选肖翰啊，这种小白一般没太多事的哈哈哈.,"data-2, data-3",2
1176,肖锐/洪正,,,0
1177,胡东飞,,,0
1178,胡云一/周凡,,,0
1179,胡佩迦,,,0
1180,胡俊,,,0
1181,胡俊/孙明,,,0
1182,胡俞,,,0
1183,胡军方,,,0
1184,胡务,我考研复试的主考官就是胡务，给的分挺高的 | 我考研复试的主考官就是胡务，给的分挺高的,"data-2, data-3",2
1185,胡又欣,,,0
1186,胡国平,评价比较两极分化 | 评价比较两极分化,"data-2, data-3",2
1187,胡国平/王昱夫,,,0
1188,胡宁,,,0
1189,胡宁/吕先锫,,,0
1190,胡峥,人超好的 | 人超好的,"data-3, data-1",2
1191,胡康,,,0
1192,胡建,已经上完了，上课不会管你，挺好的，讲的就还行没怎么听，期末这方面可能占一点劣势 | 已经上完了，上课不会管你，挺好的，讲的就还行没怎么听，期末这方面可能占一点劣势,"data-2, data-3",2
1193,胡晓,胡晓讲课很不错，声音洪亮逻辑清晰 | 胡晓讲课很不错，声音洪亮逻辑清晰 | 人好 | 胡晓人还行，就是分比较低,"data-2, data-3",2
1194,胡晓/陈汕/杨自营/覃依依/袁凯彬,上课不点名,data-1,1
1195,胡秋明/穆滢潭/毛谢恩/史珈铭,,,0
1196,胡紫薇,,,0
1197,胡舒,,,0
1198,胡莎,,,0
1199,胡薇薇,挺好的，美丽温柔善良爱死 | 挺好的，美丽温柔善良爱死 | 系统且概括地学艺术的基本分类，和每个分类的一些基本情况。实践周还能去看展。,"data-2, data-3",2
1200,胡薇薇/谢敬峰,,,0
1201,胡颖毅,,,0
1202,胥博,,,0
1203,自动生成,,,0
1204,舒坦,,,0
1205,舒坦/王芳,,,0
1206,舒帝,,,0
1207,艾进,,,0
1208,苏为,,,0
1209,苏丽敏,,,0
1210,苏应生,老师很温柔，讲的也很细，不过容易犯困 | 老师很温柔，讲的也很细，不过容易犯困 | 说是平时作业要求高 比较严格但是讲课不错 | 讲得挺好的 很幽默哈哈,"data-2, data-3",2
1211,苏明淘,,,0
1212,苏明淘/董艳,,,0
1213,苗壮/王长安/刘思岑,,,0
1214,苗壮/钟绍卓/刘思岑/李啸谷,教授人很好的，怎么对公选课的学生就不一样了？,data-1,1
1215,苟洪英,,,0
1216,苟钰唯,勾石一坨，不过好水 | 勾石一坨，不过好水,"data-2, data-3",2
1217,范丹,,,0
1218,范伟伟,感觉她讲的好有趣（不过可能要求比较严） | 非常严格 momo上她的课有点紧张,data-3,1
1219,范国斌,范国斌，永远的神。对学生是没得说，反正无脑选他就是了 | 范国斌，永远的神。对学生是没得说，反正无脑选他就是了,"data-2, data-3",2
1220,范江波,,,0
1221,范维,每节都点，但是讲的很好，人也很好，给分也很高 | 每节都点，但是讲的很好，人也很好，给分也很高 | 人好，给分慷慨,"data-2, data-3",2
1222,范美俊,,,0
1223,荣雯轩,,,0
1224,莫丰玮,,,0
1225,莫建明,,,0
1226,葛家欣/章群,,,0
1227,葛浩阳/姚常成,,,0
1228,葛蕾,,,0
1229,葛鑫,,,0
1230,董凡迪,,,0
1231,董大鑫,,,0
1232,董大鑫/刘忠,,,0
1233,董大鑫/周凡,,,0
1234,董海浪,,,0
1235,董艳,,,0
1236,董雪,,,0
1237,董雪/李锦旭,,,0
1238,董青马/许坤,,,0
1239,蒋为,,,0
1240,蒋丽萨,蒋Lisa！人美心善！期末随堂测试！分好高，闭眼冲 | 蒋Lisa！人美心善！期末随堂测试！分好高，闭眼冲 | 巨好的老师 无脑冲 | 很好啊，lisa老师啥课都好 | 要求只要做小组做两次pre 然后pre的时候人来就好 期末是小论文主题随意其他时候就是随意他说他不考勤,"data-2, data-3",2
1241,蒋义军,,,0
1242,蒋和超,,,0
1243,蒋太翔,给分真的太高了 | 给分真的太高了,"data-2, data-3",2
1244,蒋奕廷,,,0
1245,蒋宇翔,,,0
1246,蒋海曦,课还蛮有趣的，老师人也很好 | 课还蛮有趣的，老师人也很好 | 蒋海曦老师讲课很好的 可以考虑下补充性货币学 要回答问题但是90+,"data-2, data-3",2
1247,蒋海曦/王诗逸/赵元,王可以 | 王可以,"data-2, data-3",2
1248,蒋玉,,,0
1249,蒋航程,,,0
1250,蒲丹/龚金国,,,0
1251,蒲云,他特别温柔哈哈哈哈 就是那种有点傻呆呆的老师 我这学期上了他的一门课 | 他特别温柔哈哈哈哈 就是那种有点傻呆呆的老师 我这学期上了他的一门课,"data-2, data-3",2
1252,蒲岳,,,0
1253,蒲明,去年上概率论 两周小测一次 说是会挂我们 但是刀子嘴豆腐心 期末出卷挺简单 但是平时作业不少 上概率论都是自己写板书 没有ppt | 去年上概率论 两周小测一次 说是会挂我们 但是刀子嘴豆腐心 期末出卷挺简单 但是平时作业不少 上概率论都是自己写板书 没有ppt,"data-2, data-3",2
1254,蒲洋,,,0
1255,蒲洋/王锐,,,0
1256,蔡世民,,,0
1257,蔡兴林,特别好玩 | 人好,data-1,1
1258,蔡利/蔡春,讲课很有意思 | 讲课很有意思,"data-2, data-3",2
1259,蔡庆,,,0
1260,蔡晓陈/徐扬帆,,,0
1261,蔡栋梁,平时没有作业,data-1,1
1262,蔡栋梁/张滕/余关元/陈羽莎,,,0
1263,蔡璐遥/张爽/罗锋,,,0
1264,蔡璐遥/罗锋,,,0
1265,蔡竞,还可以 不过我们两年前期末的时候要写一万字的企业财务报告分析 | 还可以 不过我们两年前期末的时候要写一万字的企业财务报告分析 | 课堂多回答问题她会加分 | 课堂多回答问题她会加分,"data-2, data-3",2
1266,蔡郑宇,,,0
1267,蔡雨娟/张亚秋,,,0
1268,蔡龙飞,,,0
1269,薛舒予,,,0
1270,薛舒予/李志勇/胡晓/陈汕,胡老师，上过他两次课，都没点名，就是小组作业的时候人没到齐的话会问，给分普遍不高 | 胡老师，上过他两次课，都没点名，就是小组作业的时候人没到齐的话会问，给分普遍不高,"data-2, data-3",2
1271,薛飞,,,0
1272,袁上,,,0
1273,袁上/邓育苗,,,0
1274,袁凯彬,老师人超好 给分很高哦 | 老师人超好 给分很高哦 | 不难哦 我是去年上的 上课没好好听 期末考核是小组pre 不是很难 | 袁老师给分还可以，但平时作业有点多,"data-2, data-3",2
1275,袁晓,,,0
1276,袁正,,,0
1277,袁玥/陈泽媛,,,0
1278,袁程炜,,,0
1279,袁鹏/刘炎周,,,0
1280,覃依依,事少，讲的很好分也高很好，冲 | 事少，讲的很好分也高很好，冲,"data-2, data-3",2
1281,许义文,,,0
1282,许冰/PAK Maxwell Tonghui,,,0
1283,许坤,超级好，无脑冲 | 超级好，无脑冲 | 特别好，讲课好，给分高 | 主要是他讲课幽默风趣，通俗易懂 | 无pre，无测验，上课很有意思，特别喜欢讲一些生活中的例子和趣闻。,"data-2, data-3",2
1284,许志,,,0
1285,许晓言,,,0
1286,许楠,,,0
1287,许致维/冯用富,许挺好的，上课好好听作业认真完成就好 | 许挺好的，上课好好听作业认真完成就好,"data-2, data-3",2
1288,许致维/张滕,许挺好的，上课好好听作业认真完成就好 | 许挺好的，上课好好听作业认真完成就好,"data-2, data-3",2
1289,许韵,挺好的 | 挺好的,"data-2, data-3",2
1290,许鹏,,,0
1291,谈李荣,,,0
1292,谈进,,,0
1293,谢佳亨,,,0
1294,谢凤燕,人很好 | 人很好,"data-2, data-3",2
1295,谢奉君,,,0
1296,谢娟,,,0
1297,谢小芹,,,0
1298,谢小蓉,,,0
1299,谢彪,,,0
1300,谢志龙,,,0
1301,谢志龙/郑羽,,,0
1302,谢成博,,,0
1303,谢敬峰,老师人超级好 给分高 期末是考试很简单的 | 老师人超级好 给分高 期末是考试很简单的 | 挺好的，据他自己说给分很高，这学期结课是论文 | 基本上都是他考试前一两周一直反复强调的题目 题目量少很简单 | 平时分很高的，人也很好，唯一就是喜欢点名回答问题,"data-2, data-3",2
1304,谢昕伶/郭建军,,,0
1305,谢林子,老师事儿很少，我们期中是一篇读书笔记 期末是小组pre 老师上一学期课没点过名 | 老师事儿很少，我们期中是一篇读书笔记 期末是小组pre 老师上一学期课没点过名 | 给分一般，有个人阅读指定书籍，字数忘了，期末是小组作业,"data-2, data-3",2
1306,谢梦影,,,0
1307,谢梦影/陈志杰,谢老师还行 | 谢老师还行,"data-2, data-3",2
1308,谢洪燕,,,0
1309,谢莹莹,,,0
1310,谢非,,,0
1311,谢鹏鑫,mll人挺好，但是数字zf不怎么样 | mll人挺好，但是数字zf不怎么样,"data-2, data-3",2
1312,谢鹏鑫/孟琳琳,,,0
1313,谭亚莉,,,0
1314,谭慧敏,,,0
1315,谭敏,,,0
1316,谭洪涛,,,0
1317,谭莹,应用时间谭莹老师人美心善！！！ | 应用时间谭莹老师人美心善！！！ | 正常情况是考试 上学期改论文了 分给的很高,"data-2, data-3",2
1318,谭远发,,,0
1319,谭鸿瀛,,,0
1320,谷飙,,,0
1321,贡布泽仁,同上,data-1,1
1322,贡布泽仁/倪诗蓓,,,0
1323,贡布泽仁/杨帆,gbzr 一般般,data-1,1
1324,费茂清,人好但不知道分，课挺难的。我本专业的都有点想退了 | 人好但不知道分，课挺难的。我本专业的都有点想退了 | 避雷课程税务代理和老师费茂清,"data-2, data-3",2
1325,贺兰云,,,0
1326,贺国生,,,0
1327,贺思恩,,,0
1328,贺方毅,作业交了平时分拉满，讲课也不错，期中考试会按真实成绩打分但是会酌情给大家打高一些 | 作业交了平时分拉满，讲课也不错，期中考试会按真实成绩打分但是会酌情给大家打高一些 | 还行 给的挺高的 但是期中成绩那10%不会捞 | 已经上完了，上课不会管你，挺好的，讲的就还行没怎么听，期末这方面可能占一点劣势,"data-2, data-3",2
1329,贺晓燕,,,0
1330,贺泽凯,,,0
1331,贺盼,,,0
1332,贺英,,,0
1333,贺英/南晓彤,南晓彤温柔大美女，人超级好，我期末平时分96 | 南晓彤温柔大美女，人超级好，我期末平时分96 | 给分很高，艺术类课程都不会为难人 | 开卷考试捏，给分也很不错,"data-2, data-3",2
1334,贺英/周鸿宇,,,0
1335,贺英/张瀚文,,,0
1336,贺英/李林霜,,,0
1337,贺镜宾,,,0
1338,贾国雄,,,0
1339,贾国雄/曾朝夕,,,0
1340,贾国雄/陆雨思/袁上/王翔宇,,,0
1341,贾子欢,太好了 老师复习的时候确实讲的很详细，ľ爱了 | 太好了 老师复习的时候确实讲的很详细，ľ爱了 | 特别有用 考的都是她给的重点，爱死，真的我们寝室三个不同的老师，她给的是最准的 | 老师人很好！教的也很好！给的平时分也不错！,"data-2, data-3",2
1342,贾晓莉,人挺好的给分中规中矩 | 人挺好的给分中规中矩,"data-2, data-3",2
1343,贾艾玲,,,0
1344,赖槿儿,,,0
1345,赖绍永,可能需要自学，但是人挺有意思的，不考试半期是十张整理笔记，事少给分高会捞人 | 可能需要自学，但是人挺有意思的，不考试半期是十张整理笔记，事少给分高会捞人 | 给分还行，学得好就能高分，不好的话老师会捞，没有期中考是写笔记总结。就是老师是年龄大的老教师，说话有点典,"data-2, data-3",2
1346,赖虹宇,,,0
1347,赖超,,,0
1348,赖静雯,事多分少 | 事多分少,"data-2, data-3",2
1349,赖黎,ll作业多但是分数很高 | ll作业多但是分数很高 | 挺好的，很温柔，也挺帅的,"data-2, data-3",2
1350,赵元,,,0
1351,赵劲松,,,0
1352,赵国昌,,,0
1353,赵奕奕,,,0
1354,赵娟,赵娟老师上课很有意思但给分比较严，期末是考试 | 赵娟老师上课很有意思但给分比较严，期末是考试 | 赵娟人挺好的，平时很轻松但是她考试会更难 | 还可以，但是给分蛮严格的，上课要回答问题，期末没有重点 | 赵娟给分一般80出头，一个pre，期中期末考,"data-2, data-3",2
1355,赵婷,,,0
1356,赵宁,,,0
1357,赵宇/陈中普,,,0
1358,赵宇霆,,,0
1359,赵小平,,,0
1360,赵尘,没选过但赵老师人真的很好很负责🥺属于只要你想学她就倾囊相授的那种☺️老师本人就很优秀，也超会教（个人感觉）她给我一种“多难的课到了她那里都会变简单”的错觉… | 赵老师也一直在带科研小组，很温柔，我最近也在跟她讨论选题。,data-1,1
1361,赵岭晓,,,0
1362,赵建容,,,0
1363,赵柄皓,人好分高但课程难度不太允许跨选 | 人好分高但课程难度不太允许跨选,"data-2, data-3",2
1364,赵海程,,,0
1365,赵海龙,,,0
1366,赵煦风,,,0
1367,赵珂意,赵ky老师超级好，上过她的导论，老师讲的很认真，而且给分也好 | 赵ky老师超级好，上过她的导论，老师讲的很认真，而且给分也好,"data-2, data-3",2
1368,赵立立,避雷 | 避雷,"data-2, data-3",2
1369,赵萍萍,超级好，冲就对了,data-3,1
1370,赵铭锋,,,0
1371,赵陈芳/陈海啸,,,0
1372,赵静梅,给分不错 | 给分不错,"data-2, data-3",2
1373,赵鹭,,,0
1374,车瑜,,,0
1375,辛晏毓,,,0
1376,辜明安,,,0
1377,迪丽尼格尔·艾力,,,0
1378,迪丽尼格尔·艾力/张一,,,0
1379,逯东,,,0
1380,邓兴华,邓老师很好 | 邓老师很好,"data-2, data-3",2
1381,邓博夫,,,0
1382,邓富华,邓老师很好，讲课可以，他教学比赛拿过校级奖项和省奖，还拿过“我心目中的好老师” | 邓老师很好，讲课可以，他教学比赛拿过校级奖项和省奖，还拿过“我心目中的好老师” | 老师人很好，很耐心，有问题基本都会回答，最近挺忙的，没那么忙的时候是可以回答学生问题到深夜的,"data-2, data-3",2
1383,邓富华/阎丽,邓富华老师指导学生三下乡2019-2022全是优秀指导老师，老师应该对学生挺负责的 | 邓富华老师指导学生三下乡2019-2022全是优秀指导老师，老师应该对学生挺负责的 | 阎丽老师是新老师，课堂质量的风评不是很好,"data-2, data-3",2
1384,邓愚凡,,,0
1385,邓晓娇,,,0
1386,邓汝良,,,0
1387,邓洋,洋洋人很好，巨能捞，教的水平...在进步 | 洋洋人很好，巨能捞，教的水平...在进步 | 洋洋人很好，但是是新老师，可能没太多经验,"data-2, data-3",2
1388,邓烨,人很好，事情少，我很喜欢他 | 人很好，事情少，我很喜欢他 | 我感觉dy超级好，上的他的人工智能，人很好很好，事少 | 但是他上人工智能与现代科技很负责任的讲自己的，人很好 | 很好，超级好的老师，上过他的人工智能，特别好！课上有讨论的时候还会提前在群里说提醒大家到场 | 特别好特别水，期末是论文，点名也很少我们这学期只有两次吧，然后就布置了两次作业，但是很简单，反正就是人很好放心,"data-2, data-3",2
1389,邓育苗,挺好的吧 平时分90➕ | 挺好的吧 平时分90➕,"data-2, data-3",2
1390,邓茜,dq上形体与礼仪，不难，老师人挺好的,data-1,1
1391,邓蔚,讲课很水，如果你真想学东西建议自学，但是说实话这门课给分挺高的，自己斟酌一下 | 讲课很水，如果你真想学东西建议自学，但是说实话这门课给分挺高的，自己斟酌一下 | 大部分时间同学讲，特别是讲作业的时候，同学讲就会不想听（可能是我的问题）,"data-2, data-3",2
1392,邢容,,,0
1393,邱奕宾,,,0
1394,邱志坚,,,0
1395,邱江涛,,,0
1396,邱煜,,,0
1397,邱甲贤,还行 | 还行,"data-2, data-3",2
1398,邵风,好人可以无脑冲，应该是北大哲学博士，建议大一有时间的同学听听，讲课蛮有意思的。上课会抽人不过不是学术性的问题，而是对一些常见的道德伦理哲学困境问问你的看法。人挺好挺好，建议直接冲 | 好人可以无脑冲，应该是北大哲学博士，建议大一有时间的同学听听，讲课蛮有意思的。上课会抽人不过不是学术性的问题，而是对一些常见的道德伦理哲学困境问问你的看法。人挺好挺好，建议直接冲 | 老师上课讲得非常棒，人也特别好，给分高，冲！ | 老师人特别好！我是上学期邵老师班的，老师经常会提醒我们要注意身体，很温柔的一个老师！最后给我的平时分也很好！（至于别人的分数我也不清楚啦，不过邵老师就是一个很好的人！给他发邮件请假他都会回复，真的很好 | 还不错人很好课堂挺活跃的,"data-2, data-3",2
1399,邹先云,,,0
1400,邹涛,相对别的老师好一点 但不多 | 相对别的老师好一点 但不多,"data-2, data-3",2
1401,邹燕,上课会点人，上学期是按学号来点的，就是感觉像是高中怕被老师点到的恐怖感，但邹燕人还是很好的，讲的也好。 | 上课会点人，上学期是按学号来点的，就是感觉像是高中怕被老师点到的恐怖感，但邹燕人还是很好的，讲的也好。 | 邹燕老师讲得是真的很好很细致很有逻辑性很值得一听或许可以旁听,"data-2, data-3",2
1402,邹红,,,0
1403,郑平,,,0
1404,郑敏思,,,0
1405,郑敏思/刘畅,,,0
1406,郑敏思/杨烨,,,0
1407,郑文渊,,,0
1408,郑旭,,,0
1409,郑羽,,,0
1410,郑莉娟,,,0
1411,郑雪梅,,,0
1412,郝晓薇,善得很 老师特别好 | 善得很 老师特别好,"data-2, data-3",2
1413,郝芮琳,人特别特别好 | 人特别特别好 | 性格好，给分也高 | 太爱老师了,"data-2, data-3",2
1414,郝若欣,,,0
1415,郝金星,别选hjx，一个没有感情的念字机器，清华的，但是讲的特别烂 | 别选hjx，一个没有感情的念字机器，清华的，但是讲的特别烂,"data-2, data-3",2
1416,郝金星/易阳,,,0
1417,郭仕利,,,0
1418,郭仕利/范维,,,0
1419,郭佩霞,,,0
1420,郭佩霞/廖常勇/张慧英,,,0
1421,郭佳鑫,,,0
1422,郭军杰,我目前感觉很不错啊，讲得很细，也挺幽默的 | 郭上课比较一般，但给分还行 | 迟到要表演，上课点名提问，没听课回答不上来三次以上直接挂科，讲课还可以 | 好，真好，推荐，平时分给很高，而且课堂也很融洽，没作业，就是一学期三次考试，考试是在课上进行的，而且这学期时间不够，有一次就当成作业做了，无论你考得好考得差的话，只要你上课签名到了，期末的平时分老师都会捞的，给的高，上课。会给你讲重难点，我这次考试的一道计算题，他就特别着重的讲了，当时他在班上讲完了，后面还专门图片发到了群里，然后就复习了他的那三张图片，那道题期末就考到了，很不错的年轻老师,data-3,1
1423,郭姣,去年上的 一般 | 去年上的 一般,"data-2, data-3",2
1424,郭岩伟/何毅,,,0
1425,郭广,郭广超好 性格好 水 给分还高！ | 跟了一年的gg ，老师挺好给分不错，特点是不注重过程注重结果，主要老师最终篮球和游泳的水平咋样，平时上课水一点没事，但是签到要去，课中可溜,data-1,1
1426,郭开强,,,0
1427,郭彦男,很好！！！！也没有期中考  就一个期末统一考 | 很好！！！！也没有期中考  就一个期末统一考 | 我只上过她的税法  作业少 上课不抽人 给分高  教的也不错,"data-2, data-3",2
1428,郭文,,,0
1429,郭文/邓晓娇,,,0
1430,郭斌/林华珍,,,0
1431,郭晨阳,非常好，事少好说话 | 非常好，事少好说话 | 上过他的政经课，人很温和,"data-2, data-3",2
1432,郭晨阳/张杨雪,,,0
1433,郭晨阳/高赟,,,0
1434,郭泽儒,狠狠避雷，期末全班总评不高 | 人好到爆炸 | 还行，挺佛 | 好,data-1,1
1435,郭洋生,事少分高 | 事少分高,"data-2, data-3",2
1436,郭洪,平均分是八十多，期末就是背，背到了，分就是你的 | 平均分是八十多，期末就是背，背到了，分就是你的 | 不是市场营销专业的他可能会压你分，去年2小时闭卷论文，认识的大部分都打六十多分,"data-2, data-3",2
1437,郭海凤,,,0
1438,郭海燕,,,0
1439,郭琳,郭老师讲的很好 但是她上课要求会比较高噢 上课会开火车式提问 | 郭老师讲的很好 但是她上课要求会比较高噢 上课会开火车式提问,"data-2, data-3",2
1440,郭琳/申宇/陈勇,,,0
1441,郭维康,避雷，很傲慢 | 避雷，很傲慢 | 遇到郭维康，你这辈子就有了，讲的课又烂事又多,"data-2, data-3",2
1442,郭维康/张婷,,,0
1443,郭训香,,,0
1444,郭轩,,,0
1445,郭静思,,,0
1446,郭黎明,,,0
1447,都兰军,dlj特别特别好，平时分95也没点过名，就一次实践作业 | dlj特别特别好，平时分95也没点过名，就一次实践作业,"data-3, data-1",2
1448,鄢杰,给分还可以，平时一个pre，偶尔有几次作业，期末论文 | 给分还可以，平时一个pre，偶尔有几次作业，期末论文 | 以前是论文，平时作业也有个小组论文，总分85-90这个范围，上课超级无聊～,"data-2, data-3",2
1449,鄢杰/文峰,阿,data-3,1
1450,金一,,,0
1451,金智,,,0
1452,金浩,强推公管之花金浩老师！我自己也想选这一门结果时间冲突了,data-1,1
1453,金雅玲,金老师是新老师，人很好 | 金老师是新老师，人很好 | 金老师平时分很高……讲课没那么好……但是很细 | 超级好的 平时分100/99,"data-2, data-3",2
1454,钟俊英,,,0
1455,钟冲,,,0
1456,钟慧,,,0
1457,钟慧/张文洁,,,0
1458,钟绍卓/贡布泽仁,,,0
1459,钟芸莹,,,0
1460,钟飞,,,0
1461,钱晓湘,,,0
1462,闫铭辉,老师不错,data-1,1
1463,阎丽,,,0
1464,阎瑶,人很好 | 人很好,"data-2, data-3",2
1465,阳丹,,,0
1466,阳露昭,,,0
1467,阴涛,,,0
1468,阿尔达克,,,0
1469,阿尔达克/陈思,,,0
1470,陆佳,,,0
1471,陆毅茜,老师人超好！期末给划重点 | 老师人超好！期末给划重点 | 我觉得挺好！反正mo的平时分挺高的,"data-2, data-3",2
1472,陆瀚,,,0
1473,陆雨思,,,0
1474,陈丛刊,,,0
1475,陈东,我记得认真完成作业的话给分还蛮高的 | 我记得认真完成作业的话给分还蛮高的 | 陈东的课很不错，真能入门，期末就是开卷考试，平时你主动背书可以加分，我还是蛮推荐的，老师也很好,"data-2, data-3",2
1476,陈中普,,,0
1477,陈丹丹,丹丹老师讲的特别好！给分也挺好 | 丹丹老师讲的特别好！给分也挺好 | 老师讲的挺好的，会标重点,"data-2, data-3",2
1478,陈丹丹/陈娟,,,0
1479,陈丽丽,,,0
1480,陈久强,老师的平时分倒是会打的挺高的，只要上课到了也认真回答问题了的，考试我们当时是手写所以改的感觉分数比预计的要好得多 | 老师的平时分倒是会打的挺高的，只要上课到了也认真回答问题了的，考试我们当时是手写所以改的感觉分数比预计的要好得多 | 就是考完很多人觉得好难要挂了但实际不仅没挂分数还挺高,"data-2, data-3",2
1481,陈佩,,,0
1482,陈佳,陈佳挺好的，只要你按照她的要求做，平时分还挺高的（我是跨选的） | 陈佳挺好的，只要你按照她的要求做，平时分还挺高的（我是跨选的）,"data-2, data-3",2
1483,陈勇,除了内容和作业比较难 其他挺好(且PPT和作业是全英文 但是他用中文讲课) | 除了内容和作业比较难 其他挺好(且PPT和作业是全英文 但是他用中文讲课) | 平时几次作业 期末一张A4的cheat sheet开卷考 小组编程写报告,"data-2, data-3",2
1484,陈华蓉,,,0
1485,陈卓,,,0
1486,陈善镇,,,0
1487,陈坤/谭莹,陈人挺强的，教理论部分，但上课坐牢 | 陈人挺强的，教理论部分，但上课坐牢,"data-2, data-3",2
1488,陈坤/谭莹/凌星,人挺强的，教理论部分，但上课坐牢,data-1,1
1489,陈坤/陈磊,陈人挺强的，教理论部分，但上课坐牢 | 陈人挺强的，教理论部分，但上课坐牢,"data-2, data-3",2
1490,陈姚,,,0
1491,陈姝兴,,,0
1492,陈娟,平常隔一段时间会有作业 量比较大 但是给分还可以 | 平常隔一段时间会有作业 量比较大 但是给分还可以,"data-2, data-3",2
1493,陈宁,给分也还可以，会捞，不怎么点名。 | 给分也还可以，会捞，不怎么点名。 | 我上的习思想，一次小组作业，还有分享啥的，平时分90+ | 还行，我写的无敌认真，他给我95，不高不低,"data-2, data-3",2
1494,陈宁/黄若璇,hrx挺好的 | 上学期选的hrx 感觉还可以,data-1,1
1495,陈宗权,,,0
1496,陈实,,,0
1497,陈小平,,,0
1498,陈小龙,,,0
1499,陈岩,上过他其他课 感觉人挺好还好，不过讲到excel具体操作的时候会有点快，因为内容很多，到那顾客的时候需要自己提前预习。给分也还行。 | 上过他其他课 感觉人挺好还好，不过讲到excel具体操作的时候会有点快，因为内容很多，到那顾客的时候需要自己提前预习。给分也还行。 | 人挺好,"data-2, data-3",2
1500,陈师,陈师老师很温柔，我觉得事少分高 | 陈师老师很温柔，我觉得事少分高 | 上学期上过，给分还行，但不是很高 | 人特别特别好，非标不点名,"data-2, data-3",2
1501,陈师/韩绿艺,,,0
1502,陈康,,,0
1503,陈建东,,,0
1504,陈彦晶,,,0
1505,陈德伟,,,0
1506,陈志杰,跑，给分很低。 全班六七十的水平。 我们组全班成绩第二，总评75 | 跑，给分很低。 全班六七十的水平。 我们组全班成绩第二，总评75 | 不咋样,"data-2, data-3",2
1507,陈志舟,,,0
1508,陈思,,,0
1509,陈惠,,,0
1510,陈懋龙,事少分高，讲得也不错 | 我觉得讲课非常好，平时也不点名，就只有四次平时作业 | cml很好，讲得很清楚，不点名但有课堂小测（5道选择题）,data-1,1
1511,陈斌,平时分高，同学评价好 | 平时分高，同学评价好 | 陈斌你真的是世界上最好的老师，他期末很能捞，感觉我上学期的大计基卷面分给我捞了快一倍 | 他真的很好 给分也很好，我大一的时候上的他的大计基真的超级好,"data-2, data-3",2
1512,陈新富,,,0
1513,陈旭东,上过他的内部控制，感觉他有点东西，但是这个课比较水别的看不出来 | 上过他的内部控制，感觉他有点东西，但是这个课比较水别的看不出来 | 你可以上网搜这个老师，可以在学校官网上看到老师发过的论文,"data-2, data-3",2
1514,陈昀,,,0
1515,陈昊明,,,0
1516,陈明花,,,0
1517,陈星延,陈xy老师无脑冲，平时分拉满 | 陈xy老师无脑冲，平时分拉满,"data-2, data-3",2
1518,陈晓光,,,0
1519,陈晓刚,,,0
1520,陈晓玲,严格认真 教得挺好 | 严格认真 教得挺好 | 统一考试。但她上的很好，讲课清晰，人也很好。必选 | 我忘了，反正人挺好哈哈哈，讲的也还行，不踩雷就对了,"data-2, data-3",2
1521,陈晶环,,,0
1522,陈智,,,0
1523,陈曼婷,好得很，很喜欢,data-1,1
1524,陈朝兵/廖宏斌,,,0
1525,陈林,,,0
1526,陈桓亘,,,0
1527,陈梓麟,,,0
1528,陈梓麟/陈汕,陈梓麟人很好，讲课也好 | 陈梓麟人很好，讲课也好,"data-2, data-3",2
1529,陈欣,,,0
1530,陈毅,,,0
1531,陈毅/张琪,,,0
1532,陈汕,,,0
1533,陈海啸,期末论文，有小组作业。同学推荐的，说是给分挺高的，不记得具体了起码有90+ | 很好 | 期末论文，有小组作业。同学推荐的，说是给分挺高的，不记得具体了起码有90+ | 期末论文，有小组作业。同学推荐的，说是给分挺高的，不记得具体了起码有90+ | 很好,"data-2, data-3, data-1",3
1534,陈涛,如果不是那种特别社牛能次次举手回答问题，下课还能和他闲聊让他记住的，千万别选他。说是什么可以和他发邮件讨论算平时分，发满了也不给高分。甚至看到群里有人满勤+作业按时交，平时分40多 | 如果不是那种特别社牛能次次举手回答问题，下课还能和他闲聊让他记住的，千万别选他。说是什么可以和他发邮件讨论算平时分，发满了也不给高分。甚至看到群里有人满勤+作业按时交，平时分40多 | 陈涛避大雷，平时分打的很离谱且pre的时候赶人下去！ | 点名，疯狂点，课上疯狂提问，反驳型人格，给分适中 | 还行，但是有小组作业，要一起搞一篇论文，这个比较烦，老师人有点严肃但是好说话,"data-2, data-3",2
1535,陈滨桐,,,0
1536,陈珂欣,她真的超好超好超好的 | 是的，神仙老师，平时分给满,data-1,1
1537,陈珍珠,事少，偶尔点名，人好 | 事少，偶尔点名，人好,"data-2, data-3",2
1538,陈琼,,,0
1539,陈磊,陈磊是新老师 | 陈磊是新老师 | 推荐陈磊的数理统计原理 | 避雷,"data-2, data-3",2
1540,陈秋达,大心理陈秋达事可能有点多，小组专业 心理活动（拍视频）一篇读后感，不过给分不错 | 只上过她的形策，应该是比较严肃的人，因为不允许玩手机,data-1,1
1541,陈秋达/饶玉申,,,0
1542,陈竹/谭洪涛,,,0
1543,陈维扬,,,0
1544,陈航,,,0
1545,陈艺丹,分高，我上学期的课不需要跳舞，期末是论文，但是每节课要扫码签到 | 分高，我上学期的课不需要跳舞，期末是论文，但是每节课要扫码签到 | 老师人挺好的，需要排舞跳舞，中间有两次类似读后感的写作算平时作业,"data-2, data-3",2
1546,陈艺丹/李楠,,,0
1547,陈苡文,,,0
1548,陈茉,,,0
1549,陈蓓,,,0
1550,陈路/李洪,,,0
1551,陈轶骅,,,0
1552,陈逸飞,,,0
1553,陈鑫,,,0
1554,陈锋,,,0
1555,陈霄,,,0
1556,陈骋,,,0
1557,陈鹏,记忆里面好像中规中矩 | 记忆里面好像中规中矩,"data-2, data-3",2
1558,陶启智,,,0
1559,陶庆久,,,0
1560,陶维东/刘国/辜明安/赵海程/赵勇/赵宇霆/刘磊/李振贤/陈昊明,,,0
1561,陶维东/吴元元,,,0
1562,雷洋,,,0
1563,雷涌,,,0
1564,雷芸,她专业课的国际法很水，选修课的国际法应该也水 | 她专业课的国际法很水，选修课的国际法应该也水,"data-2, data-3",2
1565,雷芸/姜玉梅,,,0
1566,雷芸/廖振中,,,0
1567,雷芸/张怀岭,,,0
1568,雷芸/陆佳,这不是必修课嘛，那快跑吧，听说不太行 | 这不是必修课嘛，那快跑吧，听说不太行,"data-2, data-3",2
1569,雷蕾,,,0
1570,雷雷,讲课巨好！人好分高！超级高!!真的 一定要选他 他是我的白月光 教的也很好    | 讲课巨好！人好分高！超级高!!真的 一定要选他 他是我的白月光 教的也很好    | 超级高!!真的 一定要选他 他是我的白月光 教的也很好   ,"data-2, data-3",2
1571,霍维,,,0
1572,韩延明,,,0
1573,韩文龙,,,0
1574,韩本三,hbs教的简直顶呱呱，稳稳的幸福，老师人也超级好 | hbs教的简直顶呱呱，稳稳的幸福，老师人也超级好 | 超级厉害 | 特别特别好，非常温柔,"data-2, data-3",2
1575,韩源,,,0
1576,韩绿艺,,,0
1577,韩绿艺/高远卓,,,0
1578,项旎,,,0
1579,顾先明,,,0
1580,顾文军,人很好。 | 人很好。 | 避雷,"data-2, data-3",2
1581,颜学勇,,,0
1582,饶玉申,上过这个老师的形策 人特别好,data-1,1
1583,马丹,马丹讲的细，ppt也很全 | 马丹讲的细，ppt也很全 | md捞人有一两次点名但上课讲的可能没什么经验 | md捞人有一两次点名但上课讲的可能没什么经验,"data-2, data-3",2
1584,马丹/孟丹,,,0
1585,马丹丹,,,0
1586,马佳洁,,,0
1587,马奥,,,0
1588,马如静,,,0
1589,马思远/张钰,,,0
1590,马捷,,,0
1591,马捷/陈善镇,,,0
1592,马敬堂,,,0
1593,马昀蓓,只能说靠自己努力吧 | 只能说靠自己努力吧 | 会点，没提醒，自己小心,"data-2, data-3",2
1594,马春梅,,,0
1595,马春蓉/宋晋,,,0
1596,马桦,,,0
1597,马江水,,,0
1598,马江水/刘军军,,,0
1599,马珂,没有平时作业应该。只有隔几周有课堂讨论 | 没有平时作业应该。只有隔几周有课堂讨论 | 期末写案例然后展示就可以。小组完成,"data-2, data-3",2
1600,马祥,说实话我个人感觉老师讲的很好，认真听的话真的收获蛮多，他的履历也很厉害。可能会有些让人觉得比较严格，但我感觉还好，最后平时分给分也还好。 | 说实话我个人感觉老师讲的很好，认真听的话真的收获蛮多，他的履历也很厉害。可能会有些让人觉得比较严格，但我感觉还好，最后平时分给分也还好。,"data-2, data-3",2
1601,马铁丰,捞，mtf平时分蛮高的 | 捞，mtf平时分蛮高的 | 避大雷，平时分给分高但啥都学不会 | 平时分挺高的，做好自学的准备,"data-2, data-3",2
1602,骆岭,,,0
1603,骆岭/李昕怡,,,0
1604,骆岭/杨凌峰,,,0
1605,骆川义,给分巨高巨高巨高 讲的巨好！无脑冲！ | 给分巨高巨高巨高 讲的巨好！无脑冲！ | 很好非常好 | 给分我觉得就正常吧 她是按照你平时测验的成绩平均值给分的 讲课我觉得一般 而且主要他不给发ppt 笔记都很难做上 照下来又特别不整齐 反正我上课体验感一般,"data-2, data-3",2
1606,高升好,,,0
1607,高卫民,很少点名 | 很少点名 | 上了半学期他的课了了，现在回复一下，这个老师要水平没水平，要分没分，脑回路还异常奇怪，奉劝各位，能换老师千万别选他的课 | 平时分给的还可以回答一次或者两次课堂问题，然后小组课题认真做一做，还有就是他有时候会点名，我们当时平时分是99,"data-2, data-3",2
1608,高建,,,0
1609,高强,专业课老师 人很好 给分目前不清楚 | 专业课老师 人很好 给分目前不清楚 | 老师讲课和解答是很认真的，但总体可能偏向于放养风格,"data-2, data-3",2
1610,高文伟,我们学院的导员，人超级超级好，有什么事和他沟通就好 | 上了他的军理感觉很有原则（不去要请假），但是比较温柔， | 现在正在上老师的课 感觉老师人真的蛮好的嘞 也比较温柔 | 我们学院的导员，人超级超级好，有什么事和他沟通就好 | 上了他的军理感觉很有原则（不去要请假），但是比较温柔， | 现在正在上老师的课 感觉老师人真的蛮好的嘞 也比较温柔,"data-3, data-1",2
1611,高昊,特别严节节课签到，运动时长要48小时，我看别的老师都不需要看运动时长的ŝ,data-1,1
1612,高明,c 不会留到课下 反正第一堂课的体验感还行然后第一堂课也只讲了一些lead in性质的内容🌝,data-1,1
1613,高明/陈建东/徐冲,,,0
1614,高春燕,还好吧，她会捞的，平时分差不多都90+ | 讲的一般，给分高，作业正常 | 我也是上她的课…有苦说不出,data-3,1
1615,高晋康,,,0
1616,高歌,,,0
1617,高洁,,,0
1618,高洁/甘湘华/王秋豪,,,0
1619,高海霞/王晓全,,,0
1620,高琪,巨好 | 巨好,"data-2, data-3",2
1621,高笛,,,0
1622,高莉芳,,,0
1623,高莉芳/胡国平/李幸,,,0
1624,高赟,,,0
1625,高赟/杨瑶,,,0
1626,高超,高超老师人挺好，但是上学期拖堂了很多次…… | 高超老师人挺好，但是上学期拖堂了很多次…… | 打分低 事情多 讲的还行,"data-2, data-3",2
1627,高辉,,,0
1628,高辉/谢嘉穗,,,0
1629,高远卓,,,0
1630,高远卓/徐扬帆/蔡晓陈,,,0
1631,高雪梅,高雪梅老师刀子嘴豆腐心，平时蛮负责任的，就是可能有点唠叨，平时分很高 | 高雪梅老师刀子嘴豆腐心，平时蛮负责任的，就是可能有点唠叨，平时分很高 | 很严厉，但是很负责任，平时有简单的小测，把她的作业都弄懂都会考的很好的 | 一点都不难 她有点虚张声势 督促大家复习 结果很简单很快就能写完… | 高雪梅的高代好，老师会严格一些，但是分很高,"data-2, data-3",2
1632,高静,,,0
1633,魏嘉莹,,,0
1634,魏晗丰,,,0
1635,魏真瑜,,,0
1636,鲁万波,我觉得讲的挺清楚的，也比较耐心，但是论文好像比其他班多了一个答辩，不过也不麻烦 | 我觉得讲的挺清楚的，也比较耐心，但是论文好像比其他班多了一个答辩，不过也不麻烦,"data-2, data-3",2
1637,鲁元鸿,,,0
1638,鲁利民,,,0
1639,鲁利民/易敏利,,,0
1640,鹿正阳,,,0
1641,黄世坤,,,0
1642,黄丽娟,老师人超级好！很温柔，考核不严格而且上课超级有趣！ | 老师人超级好！很温柔，考核不严格而且上课超级有趣！ | 上课互动强度很高,"data-2, data-3",2
1643,黄佐毅,,,0
1644,黄俊兵/栾炳江,,,0
1645,黄健,黄健老师好 上过他的会计学 | 黄健老师好 上过他的会计学,"data-2, data-3",2
1646,黄凯,给分低 | 还行，轻松，50%平时，50%文献分析总结论文,data-1,1
1647,黄勔,,,0
1648,黄可/曹晟,,,0
1649,黄士罗,,,0
1650,黄大康,温和有耐心，讲课我觉得挺清楚的，不清楚去问他他也很耐心地给你再讲一遍，之前期中听说帮我们捞了十多分，平时分90+ | 超级无敌巨好，考虑学生优先。，作业时间也给的长 | 人很好，给分超高，但是讲课有点快 | 黄老师出的卷子很简单的，而且他还会对分数进行调整你可以和他说讲的快了，他会把速度降下来的，真的很好的一个老师 | 温和有耐心，讲课我觉得挺清楚的，不清楚去问他他也很耐心地给你再讲一遍，之前期中听说帮我们捞了十多分，平时分90+,"data-2, data-1",2
1651,黄大康/石启超,石遇上了那这辈子经济学的大门永远向你关上了 | 石遇上了那这辈子经济学的大门永远向你关上了 | 石讲课中规中矩吧说实话，感兴趣估计主要内容感兴趣，上法不是很有趣,"data-2, data-3",2
1652,黄大康/程瑶,,,0
1653,黄娟,黄娟！！！人美心善给分高,data-3,1
1654,黄子航,年轻老师 | 年轻老师,"data-2, data-3",2
1655,黄宇,,,0
1656,黄宇虹,,,0
1657,黄家辉,,,0
1658,黄巍,,,0
1659,黄巍/刘思涓,,,0
1660,黄志勇,老师人超级nice，给分也挺高的 | 老师人超级nice，给分也挺高的,"data-2, data-3",2
1661,黄志勇/徐程,,,0
1662,黄志华,hzh老师人超级无敌好 上课有趣且给分很友好，人也温柔！ | hzh老师人超级无敌好 上课有趣且给分很友好，人也温柔！ | 分超高，挺有趣的上课但是会点名抽问，所以不适合逃课哦,"data-2, data-3",2
1663,黄志华/Cameron ThomasWalton,老师人超级无敌好，上课有趣且给分很友好，给分不错  卡梅隆给分随便，聊聊天混熟,data-1,1
1664,黄志华/Lee Anthony Ruiz,,,0
1665,黄志华/张玮/李雨浓,都很好,data-1,1
1666,黄文/杨帆,,,0
1667,黄文毅,蛮认真负责的，但是每章都要考试，有点严，不过最后平时分还蛮高的 | 超好，你问她问题也很耐心 | 她应该就是事有点多，但是我觉得人挺好的，上的还不错，平时分给的也挺可以 | 还好吧，不过每节课要签到，每一章有小测，但是对期末考试很有帮助，我期末就看着她的PPT复习的，考了将近九十，平时小测好好写不缺勤，平时分九十多 | 蛮认真负责的，但是每章都要考试，有点严，不过最后平时分还蛮高的 | 超好，你问她问题也很耐心 | 她应该就是事有点多，但是我觉得人挺好的，上的还不错，平时分给的也挺可以 | 还好吧，不过每节课要签到，每一章有小测，但是对期末考试很有帮助，我期末就看着她的PPT复习的，考了将近九十，平时小测好好写不缺勤，平时分九十多,"data-3, data-1",2
1668,黄文毅/赖绍永,,,0
1669,黄旭/高莉芳/万国光,,,0
1670,黄昊,听说黄昊老师打分很高，本专业很多人都选 | 听说黄昊老师打分很高，本专业很多人都选,"data-2, data-3",2
1671,黄涛,黄涛的都不能过，只能说其他老师更救不了,data-3,1
1672,黄益倩,,,0
1673,黄礼登,,,0
1674,黄策,,,0
1675,黄羽,老师人很好，很温柔给分也高 | 老师人很好，很温柔给分也高 | 事非常少，分非常高，话说黄老师的课很抢手，不一定抢得到 | 平时高期末低 | 作业其实每个老师量都差不多 但是黄羽老师要求特别松 作业就是几道题 然后除了期末论文全部都是可以用中文的,"data-2, data-3",2
1676,黄若璇,hrx挺好的 | hrx挺好的,"data-2, data-3",2
1677,黄若璇/杨长虹,挺好的,data-1,1
1678,黄若璇/陈宁,hrx挺好的 | 上学期选的hrx 感觉还可以,data-1,1
1679,黄茂洁,黄姐挺好的，给分也挺高 | 无脑冲,data-1,1
1680,黄菊,,,0
1681,黄诗婷/徐静,黄老师人很好 | 黄老师人很好,"data-2, data-3",2
1682,黄载曦,很有趣，专业课很厉害的。前几年国商院的微经都是载曦老师上 | 很有趣，专业课很厉害的。前几年国商院的微经都是载曦老师上,"data-2, data-3",2
1683,黄迟,讲的很好 | 讲的很好 | 黄迟老师人好，上课还比较有趣的ĕ，不过之前上他的高数的时候，他往往会布置很多很多的作业，但是上一些比较难的课程的时候，他好像就不会布置作业。不知道公选课怎么样。如果你想真的学点东西的话，还是可以去考虑的。但是这方面的话就是人工智能了，多了解知识倒是可以，想学实用一点的那建议不考虑。,"data-2, data-3",2
1684,黄迟/刘家芬,讲的很好 | 讲原理，考试,data-1,1
1685,黄道名,老师不错,data-1,1
1686,黄银冬,,,0
1687,黄霖,,,0
1688,黄霖/曾婷,,,0
1689,黄鹂,,,0
1690,黄鹂/刘贵松/蒋太翔,,,0
1691,黎伟,,,0
1692,黎春,非常非常非常好！！！！事少分高 | 非常非常非常好！！！！事少分高 | 给我挺好的 老师人也很好！,"data-2, data-3",2
1693,黎珂位,,,0
1694,齐少杰,还可以,data-1,1
1695,龙学文,人好 | 人好,"data-2, data-3",2
1696,龙彧,一般，不过事情少 | 一般，不过事情少 | 不怎么样，考试难给分低 | 较少点名和回答，一次pre和一次书评，期末闭卷有准备就很高分没准备很低分,"data-2, data-3",2
1697,龚凯,,,0
1698,龚松柏,可以的 给分挺不错 老师讲课也可以 会讲故事 我挺喜欢 | 平时分还行，但要求每人有一次课堂主动发言（类似于自愿回答问题那种）不发也可以，可以写在纸上交上去，但可能分会稍低，讲的课特别有趣，不拘泥于课本，会讲很多野史或者有趣的东西，我遇到为数不多的不会犯困的思政课老师 | 单从体验感来说，老师讲的很好，很生动 | 可以的 给分挺不错 老师讲课也可以 会讲故事 我挺喜欢 | 平时分还行，但要求每人有一次课堂主动发言（类似于自愿回答问题那种）不发也可以，可以写在纸上交上去，但可能分会稍低，讲的课特别有趣，不拘泥于课本，会讲很多野史或者有趣的东西，我遇到为数不多的不会犯困的思政课老师 | 单从体验感来说，老师讲的很好，很生动,"data-3, data-1",2
